<?xml version="1.0" encoding="UTF-8" ?>
<!DOCTYPE mapper
    PUBLIC "-//mybatis.org//DTD Mapper 3.0//EN"
    "http://mybatis.org/dtd/mybatis-3-mapper.dtd">

<mapper
	namespace="com.scb.selfservice.dao.td.mapper.PSHRActiveMapper">

	
	<resultMap type="com.scb.selfservice.domains.databaseentity.DBPSHRActive" id="PSHRActive">
		<id     property="staffId" column="staff_id" />
		<result property="firstName" column="first_name" />
		<result property="lastName" column="last_name" />
		<result property="emailId" column="email_id" />
		<result property="manager" column="manager"/>
		<result property="idName" column="id_name"/>
	</resultMap>

	<select id="validate" resultMap= "PSHRActive">
		select
			staff_id,
			first_name,
			last_name,
			email_id,
			manager,id_name
		from ps_hr_active
			where staff_id = #{staffID}
	</select>

	<select id="validated" resultMap= "PSHRActive">
		select      
			staff_id,first_name,last_name,email_id,manager,id_name
		from ps_hr_active
			Where lower(id_name) LIKE lower('%'||#{staffName}||'%')
					or lower(email_id) LIKE lower('%'||#{staffName}||'%')
	</select>

</mapper>
