<?xml version="1.0" encoding="UTF-8" ?>
<!DOCTYPE mapper
    PUBLIC "-//mybatis.org//DTD Mapper 3.0//EN"
    "http://mybatis.org/dtd/mybatis-3-mapper.dtd">
    
<mapper namespace="com.scb.selfservice.dao.mapper.CartDataMapper">

			
	<select id="getDraftRequest" resultType="java.lang.Integer">
			select 
				req_id 
			from edmp_selfservice_req
			 where request_created_by = #{userId} 
				and status = 'DRAFT'
	</select>

	<resultMap type="com.scb.selfservice.domains.EDMPConsumpReqDetails" id="consumpReqDetails">
		<id     property="reqID" column="req_id" />
		<result property="appName" column="app_name" />
		<result property="instance" column="instance" />
		<result property="tableName" column="table_name" />
		<result property="columnCount" column="column_count"/>
		<result property="hasPiiCols" column="has_pii_cols"/>
		<result property="certified" column="certified"/>
		<result property="segment" column="segment"/>
		<result property="appDescription" column="app_description"/>
		<result property="tableDescription" column="table_description"/>
	</resultMap>
	<select id="getCartData" resultMap="consumpReqDetails">
		select a.req_id, a.app_name, 
			regexp_replace(listagg(a.instance, ',') within group (order by a.instance), '([^,]+)(,\1)*(,|$)', '\1\3') as instance,
		   a.table_name, decode(a.column_name, 'ALL',b.no_of_cols , count(distinct a.column_name)) as column_count,
	       b.has_pii_cols, b.certified,
	       regexp_replace( listagg(segment , ',') within group (order by segment), '([^,]+)(,\1)*(,|$)', '\1\3') as segment, 
           c.app_description, b.table_description
		from edmp_consump_req_details a 
	    left join edmp_app_tabs_metadata b
	       on b.table_name_t = a.table_name and b.country = a.instance
        left join edmp_app_metadata c
           on b.itam_id = c.itam_id
		where a.req_id  = #{requestId}
			group by  a.req_id, a.app_name, a.table_name, 
            a.column_name,b.has_pii_cols,b.certified,b.no_of_cols, c.app_description, b.table_description
        order by a.table_name    
	</select>

	<insert id="insertEDMPSelfService" parameterType="com.scb.selfservice.domains.EDMPSelfServiceReq" 
			useGeneratedKeys="true" keyColumn="req_id" keyProperty="reqId">
	    INSERT INTO EDMP_SELFSERVICE_REQ (req_id, status, request_created_by,REQUEST_CREATED_AT, request_type)
	    	VALUES 
	    	(EDMP_SELFSERVICE_REQ_SEQ.nextVal, #{insertEDMPSelfService.status}, #{insertEDMPSelfService.requestCreatedBy},
	    	CURRENT_TIMESTAMP, #{insertEDMPSelfService.workflowType}) 
	</insert>

	<insert id="insertCartData" parameterType="com.scb.selfservice.domains.EDMPCartConsumptionRequest" useGeneratedKeys="false">
	    INSERT ALL 
	    <foreach collection="eDMPCartConsumptionRequest" item="item" index="index">
	    INTO edmp_consump_req_details (req_id,app_name,instance,table_name,column_name, segment) 
	    VALUES
	   		(#{item.reqID, jdbcType=NUMERIC}, #{item.appName}, #{item.instance}, #{item.tableName}, #{item.columnName}, #{item.segment})
		 </foreach>
		 SELECT * from DUAL
	</insert>

	<!-- Mapper to deleteCart -->
	<delete id="deleteCart" parameterType="com.scb.selfservice.domains.DeleteCart">
		delete from edmp_consump_req_details 
		where req_id = #{deleteCart.reqId} and app_name = #{deleteCart.appName} and 
			  instance in 
			  <foreach item="instancelist" index="index" collection="instance" open="(" separator="," close=")">
			  	#{instancelist} 
			  </foreach>
			  and segment in
			  <foreach item="segmentlist" index="index" collection="segment" open="(" separator="," close=")"> 
			 	 #{segmentlist} 
			  </foreach>
			  and table_name = #{deleteCart.tableName}	
	</delete>
</mapper>