<?xml version="1.0" encoding="UTF-8" ?>
<!DOCTYPE mapper
    PUBLIC "-//mybatis.org//DTD Mapper 3.0//EN"
    "http://mybatis.org/dtd/mybatis-3-mapper.dtd">

<mapper
	namespace="com.scb.selfservice.dao.mapper.CatalogueDataLoadMapper">

	<resultMap
		type="com.scb.selfservice.domains.databaseentity.DBAppMetaData"
		id="APPresult">
		<id property="itamId" column="itam_id" />
		<result property="appName" column="app_name" />
		<result property="appDescription" column="app_description" />
		<result property="productCategory" column="product_category" />
		<result property="subCategory" column="sub_category" />
		<result property="supportedCountries"
			column="supported_countries" />
		<result property="businessSegment" column="business_segment" />
	</resultMap>

	<select id="getDataSources" resultMap="APPresult">
		select
		itam_id,
		app_name,
		app_description,
		product_category,
		sub_category,
		supported_countries,
		business_segment
		from edmp_app_metadata
		order by app_name
	</select>

	<resultMap
		type="com.scb.selfservice.domains.databaseentity.DBAppMetaData"
		id="IngestionAPPresult">
		<id property="itamId" column="itam_id" />
		<result property="appName" column="app_name" />
		<result property="appDescription" column="app_description" />
		<result property="productCategory" column="product_category" />
		<result property="subCategory" column="sub_category" />
		<result property="supportedCountries"
			column="supported_countries" />
		<result property="businessSegment" column="business_segment" />
		<result property="impactedArea" column="impacted_area" />
	</resultMap>

	<select id="getIngestionDataSources"
		resultMap="IngestionAPPresult">
		select appdata.itam_id,
		appdata.app_name,
		appdata.app_description,
		product_category,
		sub_category,
		supported_countries,
		business_segment,
		itm.impacted_area
		from edmp_app_metadata appdata,(
		select ITAM_ID, listagg(site,'; ') within group( order by site) as
		impacted_area from
		(select To_char(t.ITAM_ID) as ITAM_ID, regexp_substr(t.impacted_area, '[^;
		]+', 1, commas.column_value) as site from ITAM_DETAILS t,
		table(cast(multiset(select level from dual connect by level &lt;=
		length (regexp_replace(t.impacted_area, '[^; ]+')) + 1)
		as sys.OdciNumberList)) commas
		<!-- minus
		select t.ITAM_ID, regexp_substr(t.supported_countries, '[^; ]+', 1,
		commas.column_value)as site from edmp_app_metadata t,
		table(cast(multiset(select level from dual connect by level &lt;=
		length (regexp_replace(t.supported_countries, '[^; ]+')) + 1)
		as sys.OdciNumberList)) commas) -->
		)
		group by itam_id) Itm
		where appdata.itam_id = itm.itam_id
		order by app_name
	</select>

	<select id="getIngestionDS" resultMap="IngestionAPPresult">
		SELECT itam_id,Itam_name as app_name,itam_description as app_description,replace(impacted_area,'; ',',') as supported_countries FROM ITAM_DETAILS WHERE ITAM_ID IN (
		select TO_CHAR(itam_id) as itam_id from itam_details where
		status='PRODUCTION'
		MINUS
		select ITAM_ID from edmp_app_metadata)
	</select>

	<resultMap type="com.scb.selfservice.domains.EDMPTabsCount"
		id="TabsCountresult">
		<id property="itamId" column="itam_id" />
		<result property="tableCount" column="table_count" />

	</resultMap>


	<select id="getDataSetCount" resultMap="TabsCountresult">
		select
		count(distinct table_name_t)as table_count ,
		itam_id
		from edmp_app_tabs_metadata
		<foreach item="element" index="index" collection="tabsList"
			open=" WHERE ((" separator=" OR (">
			itam_id= #{element.itamId}
			<foreach item="item" index="index"
				collection="element.countries" separator=" ,"
				open=" AND country IN (" close="))">
				#{item}
			</foreach>
		</foreach>
		) and CERTIFIED = 'Y'
		group by itam_id
	</select>


	<resultMap
		type="com.scb.selfservice.domains.databaseentity.DBTabsMetaData"
		id="Tabsresult">
		<id property="itamId" column="itam_id" />
		<result property="tableName" column="table_name_t" />
		<result property="tableDescription" column="table_description" />
		<result property="hasPiiCols" column="has_pii_cols" />
		<result property="country" column="country" />
		<result property="noOfCols" column="no_of_cols" />
	</resultMap>


	<select id="getDataSetName" resultMap="Tabsresult">
		select distinct
		itam_id,
		table_name_t,
		table_description,
		has_pii_cols,
		listagg(country, ', ') within group (order by country) as country,
		no_of_cols,CERTIFIED
		from edmp_app_tabs_metadata
		where itam_id =#{itamId} and CERTIFIED = 'Y' and country in
		<foreach item="countrylist" index="index" collection="country"
			open="(" separator="," close=")">
			#{countrylist}
		</foreach>
		group by
		itam_id,table_name_t,table_description,has_pii_cols,no_of_cols,CERTIFIED
		order by table_name_t
	</select>

	<resultMap
		type="com.scb.selfservice.domains.EDMPColsMetaData" id="Colsresult">
		<id property="itamId" column="itam_id" />
		<result property="tableName" column="table_name" />
		<result property="pii" column="pii" />
		<result property="columnName" column="column_name" />
		<result property="columnDescription"
			column="column_description" />
		<result property="businessTerm" column="business_term" />
		<result property="businessDescription"
			column="business_description" />
		<result property="dataType" column="data_type" />
		<result property="dataLength" column="data_length" />
	</resultMap>


	<select id="getAttributeName" resultMap="Colsresult">
		select Distinct
		itam_id,
		table_name,
		pii,
		column_name,
		column_description,
		business_term,
		business_description,
		data_type,
		data_length
		from vw_edmp_tabs_cols
		where itam_id = #{itamId} and table_name = #{tableName}
		order by column_name
	</select>
	
	
	<resultMap
		type="com.scb.selfservice.domains.InstanceCountryMapping" id="InstanceCountryMap">
		<id property="itamNo" column="ITAM_NO" />
		<result property="itamName" column="ITAM_NAME" />
		<result property="itamDesc" column="ITAM_DESCRIPTION" />
		<result property="instanceName" column="INSTANCE_NAME" />
		<result property="countries"
			column="COUNTRY_LIST" />
	</resultMap>
	
	<select id="getInstanceCountryMap" resultMap="InstanceCountryMap">
		select 
		ITAM_NO,
		ITAM_NAME,
		ITAM_DESCRIPTION,
		INSTANCE_NAME,
		COUNTRY_LIST
		from edmp_instance_country_mapping
		order by ITAM_NO 
	</select>
	

</mapper>
