<?xml version="1.0" encoding="UTF-8" ?>
<!DOCTYPE mapper
    PUBLIC "-//mybatis.org//DTD Mapper 3.0//EN"
    "http://mybatis.org/dtd/mybatis-3-mapper.dtd">

<mapper
	namespace="com.scb.selfservice.dao.mapper.DataConsumptionRequestMapper">

	<update id="submitConsumptionRequest"
		parameterType="com.scb.selfservice.domains.EDMPSelfServiceReq"
		keyProperty="reqId" keyColumn="REQ_ID">
		UPDATE EDMP_SELFSERVICE_REQ set STATUS = #{submitConsumptionRequest.status} where REQ_ID =
		#{submitConsumptionRequest.reqId}
	</update>

	<resultMap type="com.scb.selfservice.domains.ConsumptionRequest" id="ConsumptionRequest">
		<id property="reqId" column="REQ_ID"/>
		<result property="adRoleName" column="AD_ROLE_NAME"/>
		<result property="appMcrFileId" column="APP_MCR_FILE_ID"/>
		<result property="appMonitoredCntrlRoom" column="APP_MONITORED_CNTRL_ROOM"/>
		<result property="bsPii" column="BS_PII"/>
		<result property="bsPiiFileId" column="BS_PII_FILE_ID"/>
		<result property="businessFunction" column="BUSINESS_FUNCTION"/>
		<result property="consumerAppName" column="CONSUMER_APP_NAME"/>
		<result property="consumerBusinessOwner" column="CONSUMER_BUSINESS_OWNER"/>
		<result property="consumerItam" column="CONSUMER_ITAM"/>
		<result property="dataUsedReportTool" column="DATA_USED_REPORT_TOOL"/>
		<result property="deliveryManagerPsid" column="DELIVERY_MANAGER_PSID"/>
		<result property="downOlaDelay" column="DOWN_OLA_DELAY"/>
		<result property="existingReq" column="EXISTING_REQ"/>
		<result property="extractDelivMech" column="EXTRACT_DELIV_MECH"/>
		<result property="frequency" column="FREQUENCY"/>
		<result property="historyInfoReq" column="HISTORY_INFO_REQ"/>
		<result property="impactedAssessment" column="IMPACTED_ASSESSMENT"/>
		<result property="isCrossborderReq" column="IS_CROSSBORDER_REQ"/>
		<result property="isRelatedExistReq" column="IS_RELATED_EXIST_REQ"/>
		<result property="opReconExep" column="OP_RECON_EXEP"/>
		<result property="otherConsumPurposeRemarks" column="OTHER_CONSUM_PURPOSE_REMARKS"/>
		<result property="purposeOfConsumption" column="PURPOSE_OF_CONSUMPTION"/>
		<result property="requestorId" column="REQUESTOR_ID"/>
		<result property="requestCreatedBy" column="REQUEST_CREATED_BY"/>
		<result property="reqIncludesPiiData" column="REQ_INCLUDES_PII_DATA"/>
		<result property="reqSummary" column="REQ_SUMMARY"/>
		<result property="resTimeReportTool" column="RES_TIME_REPORT_TOOL"/>
		<result property="targetDate" column="TARGET_DATE"/>
		<result property="technologyContact" column="TECHNOLOGY_CONTACT"/>
		<result property="toolsEnabled" column="TOOLS_ENABLED"/>
		<result property="toolsEnabledFileId" column="TOOLS_ENABLED_FILE_ID"/>
		<result property="upRqmntDocFileId" column="UP_RQMNT_DOC_FILE_ID"/>
		<result property="userTypeCode" column="USER_TYPE_CODE"/>
		<result property="userTypeValue" column="USER_TYPE_VALUE"/>
		<result property="employeeId" column="EMPLOYEE_ID"/>
		<result property="isCrossborderReqFileId" column="IS_CROSSBORDER_REQ_FILE_ID"/>
		<result property="description" column="DESCRIPTION"/>
		<result property="bsPiiOthRemarks" column="BS_PII_OTH_REMARKS"/>
	</resultMap>


	<select id="findByRequestId" resultMap="ConsumptionRequest">
		SELECT
		AD_ROLE_NAME,APP_MCR_FILE_ID,APP_MONITORED_CNTRL_ROOM,BS_PII,BS_PII_FILE_ID,BUSINESS_FUNCTION,CONSUMER_APP_NAME,CONSUMER_BUSINESS_OWNER,
		CONSUMER_ITAM,DATA_USED_REPORT_TOOL,DELIVERY_MANAGER_PSID,DOWN_OLA_DELAY,EXISTING_REQ,EXTRACT_DELIV_MECH,FREQUENCY,
		HISTORY_INFO_REQ,IMPACTED_ASSESSMENT,IS_CROSSBORDER_REQ,IS_RELATED_EXIST_REQ,OP_RECON_EXEP,OTHER_CONSUM_PURPOSE_REMARKS,
		PURPOSE_OF_CONSUMPTION,REQUESTOR_ID,REQUEST_CREATED_BY,REQ_ID,REQ_INCLUDES_PII_DATA,REQ_SUMMARY,RES_TIME_REPORT_TOOL,
		TARGET_DATE,TECHNOLOGY_CONTACT,TOOLS_ENABLED,TOOLS_ENABLED_FILE_ID,UP_RQMNT_DOC_FILE_ID,USER_TYPE_CODE,USER_TYPE_VALUE,EMPLOYEE_ID,IS_CROSSBORDER_REQ_FILE_ID
		,DESCRIPTION,BS_PII_OTH_REMARKS
		FROM EDMP_CONSUMPTION_REQUEST WHERE REQ_ID = #{reqId,jdbcType=NUMERIC}
	</select>



	<insert id="saveConsumptionRequest"
		parameterType="com.scb.selfservice.domains.ConsumptionRequest">
		insert into EDMP_CONSUMPTION_REQUEST (
		AD_ROLE_NAME,APP_MCR_FILE_ID,APP_MONITORED_CNTRL_ROOM,BS_PII,BS_PII_FILE_ID,BUSINESS_FUNCTION,CONSUMER_APP_NAME,CONSUMER_BUSINESS_OWNER,
		CONSUMER_ITAM,DATA_USED_REPORT_TOOL,DELIVERY_MANAGER_PSID,DOWN_OLA_DELAY,EXISTING_REQ,EXTRACT_DELIV_MECH,FREQUENCY,
		HISTORY_INFO_REQ,IMPACTED_ASSESSMENT,IS_CROSSBORDER_REQ,IS_RELATED_EXIST_REQ,OP_RECON_EXEP,OTHER_CONSUM_PURPOSE_REMARKS,
		PURPOSE_OF_CONSUMPTION,REQUESTOR_ID,REQUEST_CREATED_BY,REQ_ID,REQ_INCLUDES_PII_DATA,REQ_SUMMARY,RES_TIME_REPORT_TOOL,
		TARGET_DATE,TECHNOLOGY_CONTACT,TOOLS_ENABLED,TOOLS_ENABLED_FILE_ID,UP_RQMNT_DOC_FILE_ID,USER_TYPE_CODE,USER_TYPE_VALUE,
		EMPLOYEE_ID,IS_CROSSBORDER_REQ_FILE_ID,DESCRIPTION,BS_PII_OTH_REMARKS,REQUEST_CREATED_AT
		)
		values (
		#{ConsumptionRequest.adRoleName},#{ConsumptionRequest.appMcrFileId, jdbcType=NUMERIC},#{ConsumptionRequest.appMonitoredCntrlRoom},
	#{ConsumptionRequest.bsPii}, #{ConsumptionRequest.bsPiiFileId, jdbcType=NUMERIC},#{ConsumptionRequest.businessFunction},
	#{ConsumptionRequest.consumerAppName}, #{ConsumptionRequest.consumerBusinessOwner}, #{ConsumptionRequest.consumerItam},
	#{ConsumptionRequest.dataUsedReportTool},#{ConsumptionRequest.deliveryManagerPsid},
	#{ConsumptionRequest.downOlaDelay}, #{ConsumptionRequest.existingReq,jdbcType=NUMERIC},#{ConsumptionRequest.extractDelivMech},#{ConsumptionRequest.frequency}, 
	#{ConsumptionRequest.historyInfoReq}, #{ConsumptionRequest.impactedAssessment},#{ConsumptionRequest.isCrossborderReq}, 
	#{ConsumptionRequest.isRelatedExistReq}, #{ConsumptionRequest.opReconExep},#{ConsumptionRequest.otherConsumPurposeRemarks},
	#{ConsumptionRequest.purposeOfConsumption}, #{ConsumptionRequest.requestorId, jdbcType=NUMERIC},#{ConsumptionRequest.requestCreatedBy, jdbcType=NUMERIC},
	#{ConsumptionRequest.reqId, jdbcType=NUMERIC},#{ConsumptionRequest.reqIncludesPiiData},	#{ConsumptionRequest.reqSummary},
	#{ConsumptionRequest.resTimeReportTool}, #{ConsumptionRequest.targetDate, jdbcType=DATE},
	#{ConsumptionRequest.technologyContact},#{ConsumptionRequest.toolsEnabled}, #{ConsumptionRequest.toolsEnabledFileId, jdbcType=NUMERIC},
	#{ConsumptionRequest.upRqmntDocFileId, jdbcType=NUMERIC},#{ConsumptionRequest.userTypeCode}, #{ConsumptionRequest.userTypeValue},#{ConsumptionRequest.employeeId},
	#{ConsumptionRequest.isCrossborderReqFileId,jdbcType=NUMERIC},#{ConsumptionRequest.description},#{ConsumptionRequest.bsPiiOthRemarks},CURRENT_TIMESTAMP
		)
	</insert>
	<update id="updateConsumptionRequest"
		parameterType="com.scb.selfservice.domains.ConsumptionRequest">
		update EDMP_CONSUMPTION_REQUEST set
		AD_ROLE_NAME=#{ConsumptionRequest.adRoleName},
		APP_MCR_FILE_ID=#{ConsumptionRequest.appMcrFileId, jdbcType=NUMERIC},
		APP_MONITORED_CNTRL_ROOM=#{ConsumptionRequest.appMonitoredCntrlRoom},
		BS_PII=#{ConsumptionRequest.bsPii},
		BS_PII_FILE_ID=#{ConsumptionRequest.bsPiiFileId, jdbcType=NUMERIC},
		BUSINESS_FUNCTION=#{ConsumptionRequest.businessFunction},
		CONSUMER_APP_NAME=#{ConsumptionRequest.consumerAppName},
		CONSUMER_BUSINESS_OWNER=#{ConsumptionRequest.consumerBusinessOwner},
		CONSUMER_ITAM=#{ConsumptionRequest.consumerItam},
		DATA_USED_REPORT_TOOL=#{ConsumptionRequest.dataUsedReportTool},
		DELIVERY_MANAGER_PSID=#{ConsumptionRequest.deliveryManagerPsid},
		DOWN_OLA_DELAY=#{ConsumptionRequest.downOlaDelay},
		EXISTING_REQ=#{ConsumptionRequest.existingReq,jdbcType=NUMERIC},
		EXTRACT_DELIV_MECH=#{ConsumptionRequest.extractDelivMech},
		FREQUENCY=#{ConsumptionRequest.frequency},
		HISTORY_INFO_REQ=#{ConsumptionRequest.historyInfoReq},
		IMPACTED_ASSESSMENT=#{ConsumptionRequest.impactedAssessment},
		IS_CROSSBORDER_REQ=#{ConsumptionRequest.isCrossborderReq},
		IS_RELATED_EXIST_REQ=#{ConsumptionRequest.isRelatedExistReq},
		OP_RECON_EXEP=#{ConsumptionRequest.opReconExep},
		OTHER_CONSUM_PURPOSE_REMARKS=#{ConsumptionRequest.otherConsumPurposeRemarks},
		PURPOSE_OF_CONSUMPTION=#{ConsumptionRequest.purposeOfConsumption},
		REQUESTOR_ID=#{ConsumptionRequest.requestorId,jdbcType=NUMERIC},
		REQUEST_CREATED_BY=#{ConsumptionRequest.requestCreatedBy,jdbcType=NUMERIC},
		REQ_INCLUDES_PII_DATA=#{ConsumptionRequest.reqIncludesPiiData},
		REQ_SUMMARY=#{ConsumptionRequest.reqSummary},
		RES_TIME_REPORT_TOOL=#{ConsumptionRequest.resTimeReportTool},
		TARGET_DATE=#{ConsumptionRequest.targetDate, jdbcType=DATE},
		TECHNOLOGY_CONTACT=#{ConsumptionRequest.technologyContact},
		TOOLS_ENABLED=#{ConsumptionRequest.toolsEnabled},
		TOOLS_ENABLED_FILE_ID=#{ConsumptionRequest.toolsEnabledFileId,
		jdbcType=NUMERIC},
		UP_RQMNT_DOC_FILE_ID=#{ConsumptionRequest.upRqmntDocFileId,
		jdbcType=NUMERIC}, USER_TYPE_CODE=#{ConsumptionRequest.userTypeCode},
		USER_TYPE_VALUE=#{ConsumptionRequest.userTypeValue},
		EMPLOYEE_ID=#{ConsumptionRequest.employeeId},
		IS_CROSSBORDER_REQ_FILE_ID=#{ConsumptionRequest.isCrossborderReqFileId,jdbcType=NUMERIC},
		DESCRIPTION=#{ConsumptionRequest.description},BS_PII_OTH_REMARKS=#{ConsumptionRequest.bsPiiOthRemarks},
		REQUEST_MODIFIED_AT= CURRENT_TIMESTAMP
		where REQ_ID=#{ConsumptionRequest.reqId, jdbcType=NUMERIC}
	</update>

	<resultMap type="com.scb.selfservice.domains.ItamTypeAhead"	id="ItamDetailRequest">
		<id property="itamId" column="itam_id" />
		<result property="itamName" column="itam_name" />
	</resultMap>
	<select id="getItamdetails" resultMap="ItamDetailRequest">
	<![CDATA[
		select itam_id,itam_name from itam_details 
			where to_char(itam_id) like '%'||#{itam}||'%' or lower(itam_name) like '%'||#{itam}||'%'
		]]>
	</select>

</mapper>
