<?xml version="1.0" encoding="UTF-8"?>

<!DOCTYPE mapper
    PUBLIC "-//mybatis.org//DTD Mapper 3.0//EN"
    "http://mybatis.org/dtd/mybatis-3-mapper.dtd">

<mapper
	namespace="com.scb.selfservice.dao.mapper.ingestion.CostEstimationSummaryMapper">

	<resultMap
		type="com.scb.selfservice.model.CostEstimationTemplate" id="result">
		<id property="sourceId" column="source_id" />
		<result property="sourceType" column="source_type" />
		<result property="effortSheet"
			column="cost_estimation_template" />
	</resultMap>

	<select id="getTemplateBySourceType" resultMap="result">
		SELECT source_id,
		source_type, cost_estimation_template from
		edmp_estimation_metadata
		where source_type=#{sourceType,jdbcType=VARCHAR}
	</select>

	<resultMap type="com.scb.selfservice.model.CostEstimation"
		id="costRequest">
		<id property="estimationId" column="estimation_id" />
		<result property="reqId" column="req_id" />
		<result property="createdBy" column="created_by" />
		<result property="status" column="status" />
		<result property="creationDate" column="creation_date" />
		<result property="lastUpdatedDate" column="last_updated_date" />
		<result property="costEstimationCopy"
			column="cost_estimation_sheet" />
		<result property="updatedBy" column="updated_by" />
		<result property="sourceType" column="source_type" />
		<result property="personDaysCost" column="person_day_cost" />
		<result property="infraNASCost" column="INFRA_NAS_COST" />
		<result property="infraHAASCost" column="INFRA_HASS_COST" />
		<result property="nifiAllocationCost" column="NIFI_COST" />
		<result property="iMFTMaintenanceCost" column="IMFT_COST" />
		<result property="developmentSITRegression"
			column="DEV_SIT_COST" />
		<result property="sourceSystemCosting" column="SOURCE_SYS_COST" />
		<result property="totalDownstreamCosting"
			column="TOTAL_DOWN_COST" />
		<result property="otherCosts" column="OTHER_COST" />
		<result property="estimatedCost" column="TOTAL_ESTIMATED_COST" />

	</resultMap>

	<select id="searchTemplate" resultMap="costRequest">
		SELECT
		estimation_id,req_id,created_by,status,creation_date,last_updated_date,cost_estimation_sheet,updated_by
		FROM EDMP_ESTIMATION_REQ WHERE updated_by=#{userId,jdbcType=NUMERIC}
		and source_type=#{sourceType,jdbcType=VARCHAR} and
		estimation_id=#{estId,jdbcType=NUMERIC}
	</select>

	<select id="searchByRequestId" resultMap="costRequest">
		SELECT
		estimation_id,req_id,created_by,status,creation_date,last_updated_date,cost_estimation_sheet,updated_by
		FROM EDMP_ESTIMATION_REQ WHERE estimation_id
		=#{reqId,jdbcType=NUMERIC} and
		source_type=#{sourceType,jdbcType=VARCHAR}
	</select>

	<insert id="insertEstimatedCostCopy"
		parameterType="com.scb.selfservice.model.CostEstimation"
		useGeneratedKeys="true" keyColumn="estimation_id"
		keyProperty="estimationId">
		INSERT INTO EDMP_ESTIMATION_REQ(estimation_id,
		req_id,created_by,status,creation_date,last_updated_date,cost_estimation_sheet,updated_by,
		source_type,PERSON_DAY_COST,INFRA_NAS_COST,INFRA_HASS_COST,NIFI_COST,IMFT_COST,DEV_SIT_COST,
		SOURCE_SYS_COST,TOTAL_DOWN_COST,OTHER_COST,TOTAL_ESTIMATED_COST)
		VALUES
		(EDMP_ESTIMATION_REQ_SEQ.nextVal,#{CostEstimation.reqId},#{CostEstimation.createdBy},#{CostEstimation.status},
		CURRENT_TIMESTAMP,CURRENT_TIMESTAMP,#{CostEstimation.costEstimationCopy},#{CostEstimation.createdBy},#{CostEstimation.sourceType},
		#{CostEstimation.personDaysCost,jdbcType=VARCHAR},#{CostEstimation.infraNASCost,jdbcType=VARCHAR},#{CostEstimation.infraHAASCost,jdbcType=VARCHAR},
		#{CostEstimation.nifiAllocationCost,jdbcType=VARCHAR},#{CostEstimation.iMFTMaintenanceCost,jdbcType=VARCHAR},
		#{CostEstimation.developmentSITRegression,jdbcType=VARCHAR},#{CostEstimation.sourceSystemCosting,jdbcType=VARCHAR},
		#{CostEstimation.totalDownstreamCosting,jdbcType=VARCHAR},#{CostEstimation.otherCosts},#{CostEstimation.estimatedCost,jdbcType=VARCHAR})
	</insert>


	<update id="updateEstimatedCostCopy"
		parameterType="com.scb.selfservice.model.CostEstimation">
		update EDMP_ESTIMATION_REQ set
		status=#{CostEstimation.status}, last_updated_date=CURRENT_TIMESTAMP,
		cost_estimation_sheet=#{CostEstimation.costEstimationCopy},
		updated_by=#{CostEstimation.createdBy},source_type=#{CostEstimation.sourceType},PERSON_DAY_COST=#{CostEstimation.personDaysCost,
		jdbcType=VARCHAR},INFRA_NAS_COST=
		#{CostEstimation.infraNASCost,jdbcType=VARCHAR},INFRA_HASS_COST=#{CostEstimation.infraHAASCost,
		jdbcType=VARCHAR},NIFI_COST=#{CostEstimation.nifiAllocationCost,jdbcType=VARCHAR},
		IMFT_COST=#{CostEstimation.iMFTMaintenanceCost,jdbcType=VARCHAR},DEV_SIT_COST=#{CostEstimation.developmentSITRegression,jdbcType=VARCHAR},SOURCE_SYS_COST=#{CostEstimation.sourceSystemCosting,jdbcType=VARCHAR},
		TOTAL_DOWN_COST=#{CostEstimation.totalDownstreamCosting,jdbcType=VARCHAR},OTHER_COST=#{CostEstimation.otherCosts,jdbcType=VARCHAR},TOTAL_ESTIMATED_COST=#{CostEstimation.estimatedCost,jdbcType=VARCHAR}
		where estimation_id = #{CostEstimation.estimationId, jdbcType=NUMERIC}
	</update>

	<select id="readEstimatedCost" resultMap="costRequest">
		SELECT
		estimation_id,created_by,PERSON_DAY_COST,INFRA_NAS_COST,INFRA_HASS_COST,NIFI_COST,IMFT_COST,DEV_SIT_COST,
		SOURCE_SYS_COST,TOTAL_DOWN_COST,OTHER_COST,TOTAL_ESTIMATED_COST FROM
		EDMP_ESTIMATION_REQ where
		estimation_id=#{estimationId,jdbcType=NUMERIC}
	
	</select>
	
	<!--  new queries-->
	
	
		<insert id="insertEstimatedCostToDb"
		parameterType="com.scb.selfservice.model.CostEstimation">
		INSERT INTO EDMP_ESTIMATION_REQ_DETAILS(ESTIMATION_ID,seq_id,STEP_ID,workflow_id,
		PERSON_DAY_COST,INFRA_NAS_COST,INFRA_HASS_COST,NIFI_COST,IMFT_COST,DEV_SIT_COST,
		SOURCE_SYS_COST,TOTAL_DOWN_COST,OTHER_COST,TOTAL_ESTIMATED_COST)
		VALUES
		(#{costEstimationReq.estimationId},(select NVL(count(estimation_id),0)+1 from  EDMP_ESTIMATION_REQ_DETAILS where 
		estimation_id = #{costEstimationReq.estimationId}),#{stepId,jdbcType=VARCHAR},#{workflowId,jdbcType=NUMERIC},
		#{costEstimationReq.personDaysCost,jdbcType=NUMERIC},
		#{costEstimationReq.infraNASCost,jdbcType=NUMERIC},#{costEstimationReq.infraHAASCost,jdbcType=NUMERIC},
		#{costEstimationReq.nifiAllocationCost,jdbcType=NUMERIC},#{costEstimationReq.iMFTMaintenanceCost,jdbcType=NUMERIC},
		#{costEstimationReq.developmentSITRegression,jdbcType=NUMERIC},#{costEstimationReq.sourceSystemCosting,jdbcType=NUMERIC},
		#{costEstimationReq.totalDownstreamCosting,jdbcType=NUMERIC},#{costEstimationReq.otherCosts,jdbcType=NUMERIC},
		#{costEstimationReq.estimatedCost,jdbcType=NUMERIC})
	</insert>


	<update id="updateEstimatedCostToDb"
		parameterType="com.scb.selfservice.model.CostEstimation">
		update EDMP_ESTIMATION_REQ_DETAILS set
		PERSON_DAY_COST=#{costEstimationReq.personDaysCost,jdbcType=NUMERIC},INFRA_NAS_COST=#{costEstimationReq.infraNASCost,jdbcType=NUMERIC},
		INFRA_HASS_COST=#{costEstimationReq.infraHAASCost,jdbcType=NUMERIC},NIFI_COST=#{costEstimationReq.nifiAllocationCost,jdbcType=NUMERIC},
		IMFT_COST=#{costEstimationReq.iMFTMaintenanceCost,jdbcType=NUMERIC},DEV_SIT_COST=#{costEstimationReq.developmentSITRegression,jdbcType=NUMERIC},
		SOURCE_SYS_COST=#{costEstimationReq.sourceSystemCosting,jdbcType=NUMERIC},TOTAL_DOWN_COST=#{costEstimationReq.totalDownstreamCosting,jdbcType=NUMERIC},
		OTHER_COST=#{costEstimationReq.otherCosts,jdbcType=NUMERIC},TOTAL_ESTIMATED_COST=#{costEstimationReq.estimatedCost,jdbcType=NUMERIC}
		where estimation_id = #{costEstimationReq.estimationId, jdbcType=NUMERIC} and step_id=#{stepId,jdbcType=VARCHAR} and workflow_id=#{workflowId,jdbcType=NUMERIC}
	</update>
	
    <resultMap type="com.scb.selfservice.model.CostEstimationSummary"
		id="costResponse">
		<id property="estimationId" column="estimation_id" />
		<result property="personDaysCost" column="person_day_cost" />
		<result property="infraNASCost" column="INFRA_NAS_COST" />
		<result property="infraHAASCost" column="INFRA_HASS_COST" />
		<result property="nifiAllocationCost" column="NIFI_COST" />
		<result property="iMFTMaintenanceCost" column="IMFT_COST" />
		<result property="developmentSITRegression" column="DEV_SIT_COST" />
		<result property="sourceSystemCosting" column="SOURCE_SYS_COST" />
		<result property="totalDownstreamCosting" column="TOTAL_DOWN_COST" />
		<result property="otherCosts" column="OTHER_COST" />
		<result property="estimatedCost" column="TOTAL_ESTIMATED_COST" />

	</resultMap>
	<select id="getEstimatedCostFromDb" resultMap="costResponse">
		SELECT
		estimation_id,PERSON_DAY_COST,INFRA_NAS_COST,INFRA_HASS_COST,NIFI_COST,IMFT_COST,DEV_SIT_COST,
		SOURCE_SYS_COST,TOTAL_DOWN_COST,OTHER_COST,TOTAL_ESTIMATED_COST FROM
		EDMP_ESTIMATION_REQ_DETAILS where
		estimation_id=#{estimationId,jdbcType=NUMERIC} and step_id=#{stepId,jdbcType=VARCHAR} and workflow_id=#{workflowId,jdbcType=NUMERIC}
	</select>
	
	<select id="getEstimatedCostFromDbById" resultMap="costResponse">
		select * from (SELECT
		estimation_id,PERSON_DAY_COST,INFRA_NAS_COST,INFRA_HASS_COST,NIFI_COST,IMFT_COST,DEV_SIT_COST,
		SOURCE_SYS_COST,TOTAL_DOWN_COST,OTHER_COST,TOTAL_ESTIMATED_COST FROM
		EDMP_ESTIMATION_REQ_DETAILS where
		estimation_id=#{estimationId,jdbcType=NUMERIC} order by seq_id desc)  where rownum=1
				
		</select>

</mapper>
