<?xml version="1.0" encoding="UTF-8" ?>
<!DOCTYPE mapper
    PUBLIC "-//mybatis.org//DTD Mapper 3.0//EN"
    "http://mybatis.org/dtd/mybatis-3-mapper.dtd">

<mapper namespace="com.scb.selfservice.dao.mapper.PopulateDropDownMapper">

	<resultMap type="com.scb.selfservice.domains.EDMPLookupTable" id="LookUpTableresult">
		<id     property="LookupId" column="id" />
		<result property="TableName" column="table_name" />
		<result property="Code" column="code" />
		<result property="Description" column="description" />
		<result property="ParentId" column="parent_id" />
	</resultMap>


   <select id="getDropDownValues" resultMap="LookUpTableresult">
		select 
		  id,
		  table_name,
		  code,
		  description,
		  parent_id 
		from lookup_table 
		where status = 'ACTIVE'
		order by table_name,code,description
   </select>
   
   
   <resultMap type="com.scb.selfservice.domains.databaseentity.DBAdRoleGroup" id="ConsumerAdRole">
		<id     property="bizFunctId" column="biz_funct_id" />
		<result property="bizFuncName" column="biz_func_name" />
		<result property="adGroupName" column="adgroupname" />
	</resultMap>
   
   <select id="getConsumerAdRole" resultMap="ConsumerAdRole">
	   select 
		  a.biz_funct_id as biz_funct_id, 
		  b.biz_func_name as biz_func_name,
		  listagg(a.adgroupname, ',') within group (order by a.adgroupname) as adgroupname 
	   from t_ops_consumption_role_map a ,t_ops_sla_metadata b
	   where a.biz_funct_id = b.biz_funct_id
	   group by a.biz_funct_id,b.biz_func_name
	   order by b.biz_func_name
   </select>
   
   </mapper>