<?xml version="1.0" encoding="UTF-8" ?>
<!DOCTYPE mapper
    PUBLIC "-//mybatis.org//DTD Mapper 3.0//EN"
    "http://mybatis.org/dtd/mybatis-3-mapper.dtd">

<mapper
	namespace="com.scb.selfservice.dao.mapper.EdmpIngDmApprovalMapper">

	<resultMap type="com.scb.selfservice.domains.IngestionDmApproval" id="IngestionDmApproval">
		<id property="reqId" column="REQ_ID"/>
		<result property="dmComments" column="DM_COMMENTS"/>
		<result property="plannedReleaseDate" column="PLANNED_RELEASE_DATE"/>
		<result property="requestCreatedBy" column="REQUEST_CREATED_BY"/>
		<result property="userAction" column="USER_ACTION"/>
		<result property="stepId" column="STEP_ID"/>
		<result property="stepName" column="STEP_NAME"/>
		<result property="workflowType" column="WORKFLOW_TYPE"/>
	</resultMap>
	
	<select id="findByRequestId" resultMap="IngestionDmApproval">
		SELECT
		REQ_ID,DM_COMMENTS,PLANNED_RELEASE_DATE,REQUEST_CREATED_BY,USER_ACTION,STEP_ID,STEP_NAME,WORKFLOW_TYPE FROM EDMP_ING_DM_APPRVAL
		 WHERE REQ_ID = #{reqId,jdbcType=NUMERIC}
	</select>
		
	<insert id="saveDmApprovalRequest"
		parameterType="com.scb.selfservice.domains.IngestionDmApproval">
		insert into EDMP_ING_DM_APPRVAL (
		REQ_ID,DM_COMMENTS,PLANNED_RELEASE_DATE,REQUEST_CREATED_BY,USER_ACTION,STEP_ID,STEP_NAME,WORKFLOW_TYPE
		)values (
		#{IngestionDmApproval.reqId, jdbcType=NUMERIC},
		#{IngestionDmApproval.dmComments},
		#{IngestionDmApproval.plannedReleaseDate,jdbcType=DATE},
		#{IngestionDmApproval.requestCreatedBy, jdbcType=NUMERIC},
	    #{IngestionDmApproval.userAction},
	    #{IngestionDmApproval.stepId},
	     #{IngestionDmApproval.stepName},
	    #{IngestionDmApproval.workflowType}
		)
	</insert>
	<update id="updateDmApprovalRequest"
		parameterType="com.scb.selfservice.domains.IngestionDmApproval">
		update EDMP_ING_DM_APPRVAL set
		DM_COMMENTS=#{IngestionDmApproval.dmComments},
		PLANNED_RELEASE_DATE=#{IngestionDmApproval.plannedReleaseDate,jdbcType=DATE},
		REQUEST_CREATED_BY=#{IngestionDmApproval.requestCreatedBy, jdbcType=NUMERIC},
		USER_ACTION=#{IngestionDmApproval.userAction},
		STEP_ID=#{IngestionDmApproval.stepId},
		STEP_NAME=#{IngestionDmApproval.stepName},
		WORKFLOW_TYPE=#{IngestionDmApproval.workflowType}
		where REQ_ID=#{IngestionDmApproval.reqId, jdbcType=NUMERIC}
	</update>	
</mapper>
