<?xml version="1.0" encoding="UTF-8" ?>
<!DOCTYPE mapper
    PUBLIC "-//mybatis.org//DTD Mapper 3.0//EN"
    "http://mybatis.org/dtd/mybatis-3-mapper.dtd">

<mapper
	namespace="com.scb.selfservice.dao.mapper.EdmpIngRequestorRespMapper">

	<resultMap type="com.scb.selfservice.domains.IngestionRequestorResp" id="IngestionRequestorResp">
		<id property="reqId" column="REQ_ID"/>
		<result property="approvedCost" column="APPROVED_COST"/>
		<result property="clarityId" column="CLARITY_ID"/>
		<result property="projectCostCenter" column="PROJECT_COST_CENTER"/>
		<result property="costCenterOwner" column="COST_CENTER_OWNER"/>
		<result property="infraCostCenter" column="INFRA_COST_CENTER"/>
		<result property="additionalComments" column="ADDITIONAL_COMMENTS"/>
		<result property="requestCreatedBy" column="REQUEST_CREATED_BY"/>
		<result property="userAction" column="USER_ACTION"/>
		<result property="stepId" column="STEP_ID"/>
		<result property="stepName" column="STEP_NAME"/>
		<result property="workflowType" column="WORKFLOW_TYPE"/>
		<result property="yearsOfHistoryIsReq" column="YEARS_OF_HISTORY_IS_REQ"/>
		<result property="approxHistoryDataSize" column="APPROX_HISTORY_DATA_SIZE"/>
		<result property="historyStorageType" column="HISTORY_STORAGE_TYPE"/>
		<result property="frequency" column="FREQUENCY"/>
		<result property="approxIncrementalDataSize" column="APPROX_INCREMENTAL_DATA_SIZE"/>
		<result property="incrementalStorageType" column="INCREMENTAL_STORAGE_TYPE"/>
		<result property="expectedDeliveryDate" column="EXPECTED_DELIVERY_DATE"/>
		<result property="expectedNoOfFiles" column="EXPECTED_NO_OF_FILES"/>
		<result property="expectedNoOfAttributes" column="EXPECTED_NO_OF_ATTRIBUTES"/>
		<result property="priority" column="PRIORITY"/>
		<result property="itamNumber" column="ITAM_NUMBER"/>
		<result property="projectName" column="PROJECT_NAME"/>
		<result property="businessStream" column="BUSINESS_STREAM"/>
		<result property="fundingAvenue" column="FUNDING_AVENUE"/>
		<result property="benefitCatagory" column="BENEFIT_CATEGORY"/>
		<result property="benefitDetails" column="BENEFIT_DETAILS"/>
		<result property="requestSummary" column="REQUEST_SUMMARY"/>
		<result property="proposedCost" column="PROPOSED_COST"/>
		<result property="fileName" column="FILE_NAME"/>
		
	</resultMap>
	
	<select id="findByRequestId" resultMap="IngestionRequestorResp">
		SELECT
		REQ_ID,APPROVED_COST,CLARITY_ID,PROJECT_COST_CENTER,COST_CENTER_OWNER,INFRA_COST_CENTER,ADDITIONAL_COMMENTS,REQUEST_CREATED_BY,
		USER_ACTION,STEP_ID,STEP_NAME,WORKFLOW_TYPE,YEARS_OF_HISTORY_IS_REQ,HISTORY_STORAGE_TYPE,APPROX_HISTORY_DATA_SIZE,FREQUENCY,APPROX_INCREMENTAL_DATA_SIZE,INCREMENTAL_STORAGE_TYPE,EXPECTED_DELIVERY_DATE,EXPECTED_NO_OF_FILES,EXPECTED_NO_OF_ATTRIBUTES,PRIORITY,
		ITAM_NUMBER,PROJECT_NAME,BUSINESS_STREAM,FUNDING_AVENUE,BENEFIT_CATEGORY,BENEFIT_DETAILS,REQUEST_SUMMARY,PROPOSED_COST,FILE_NAME FROM EDMP_ING_REQUESTOR_RESP
		 WHERE REQ_ID = #{reqId,jdbcType=NUMERIC}
	</select>
	
	<!-- for GetAPI -->
	<select id="findIngReqById" resultMap="IngestionRequestorResp">
		SELECT
		REQ_ID,SOURCE_NAME,INSTANCE_NAME,YEARS_OF_HISTORY_IS_REQ,APPROX_HISTORY_DATA_SIZE,HISTORY_STORAGE_TYPE,FREQUENCY,APPROX_INCREMENTAL_DATA_SIZE,INCREMENTAL_STORAGE_TYPE,
		EXPECTED_DELIVERY_DATE,EXPECTED_NO_OF_FILES,EXPECTED_NO_OF_ATTRIBUTES,PRIORITY,ITAM_NUMBER,PROJECT_NAME,BUSINESS_STREAM,
		FUNDING_AVENUE,BENEFIT_CATEGORY,BENEFIT_DETAILS,REQUEST_SUMMARY,REQUEST_CREATED_BY,REQUEST_CREATED_AT,REQUEST_MODIFIED_AT,REQUEST_MODIFIED_BY,SOURCE_TYPE,ESTIMATION_ID,
		PROPOSED_COST,SUBSOURCE_TYPE
		FROM EDMP_INJESTION_REQUEST WHERE REQ_ID = #{reqId,jdbcType=NUMERIC}
	</select>
		
	<insert id="saveIngestionRequestorResp"
		parameterType="com.scb.selfservice.domains.IngestionRequestorResp">
		insert into EDMP_ING_REQUESTOR_RESP ( REQ_ID,APPROVED_COST,CLARITY_ID,PROJECT_COST_CENTER,COST_CENTER_OWNER,INFRA_COST_CENTER,ADDITIONAL_COMMENTS,REQUEST_CREATED_BY,
		USER_ACTION,STEP_ID,STEP_NAME,WORKFLOW_TYPE,YEARS_OF_HISTORY_IS_REQ,HISTORY_STORAGE_TYPE,APPROX_HISTORY_DATA_SIZE,FREQUENCY,APPROX_INCREMENTAL_DATA_SIZE,INCREMENTAL_STORAGE_TYPE,
		EXPECTED_DELIVERY_DATE,EXPECTED_NO_OF_FILES,EXPECTED_NO_OF_ATTRIBUTES,PRIORITY,
		ITAM_NUMBER,PROJECT_NAME,BUSINESS_STREAM,FUNDING_AVENUE,BENEFIT_CATEGORY,BENEFIT_DETAILS,REQUEST_SUMMARY,PROPOSED_COST,FILE_NAME
		) values (
		#{IngestionRequestorResp.reqId, jdbcType=NUMERIC},
		#{IngestionRequestorResp.approvedCost},
		#{IngestionRequestorResp.clarityId},
		#{IngestionRequestorResp.projectCostCenter},
		#{IngestionRequestorResp.costCenterOwner},
		#{IngestionRequestorResp.infraCostCenter},
	    #{IngestionRequestorResp.additionalComments},
	    #{IngestionRequestorResp.requestCreatedBy, jdbcType=NUMERIC},
	    #{IngestionRequestorResp.userAction},
	    #{IngestionRequestorResp.stepId},
	    #{IngestionRequestorResp.stepName},
	    #{IngestionRequestorResp.workflowType},
	    #{IngestionRequestorResp.yearsOfHistoryIsReq, jdbcType=VARCHAR},
	    #{IngestionRequestorResp.historyStorageType, jdbcType=VARCHAR},
	    #{IngestionRequestorResp.approxHistoryDataSize, jdbcType=NUMERIC},
	    #{IngestionRequestorResp.frequency, jdbcType=VARCHAR},
	    #{IngestionRequestorResp.approxIncrementalDataSize, jdbcType=NUMERIC},
	    #{IngestionRequestorResp.incrementalStorageType, jdbcType=VARCHAR},
	    NVL(#{IngestionRequestorResp.expectedDeliveryDate, jdbcType=DATE},NULL),
	    #{IngestionRequestorResp.expectedNoOfFiles, jdbcType=NUMERIC},
	    #{IngestionRequestorResp.expectedNoOfAttributes, jdbcType=NUMERIC},
	    #{IngestionRequestorResp.priority, jdbcType=VARCHAR},
	    #{IngestionRequestorResp.itamNumber, jdbcType=NUMERIC},
	    #{IngestionRequestorResp.projectName, jdbcType=VARCHAR},
	    #{IngestionRequestorResp.businessStream, jdbcType=VARCHAR}, 
	    #{IngestionRequestorResp.fundingAvenue, jdbcType=VARCHAR},
	    #{IngestionRequestorResp.benefitCatagory, jdbcType=VARCHAR},
	    #{IngestionRequestorResp.benefitDetails, jdbcType=VARCHAR}, 
	    #{IngestionRequestorResp.requestSummary, jdbcType=VARCHAR},
	    #{IngestionRequestorResp.proposedCost, jdbcType=NUMERIC},
	    #{IngestionRequestorResp.fileName, jdbcType=VARCHAR}
		)
	</insert>
	<update id="updateIngestionRequestorResp"
		parameterType="com.scb.selfservice.domains.IngestionRequestorResp">
		update EDMP_ING_REQUESTOR_RESP set
		APPROVED_COST=#{IngestionRequestorResp.approvedCost},
		CLARITY_ID=#{IngestionRequestorResp.clarityId},
		PROJECT_COST_CENTER=#{IngestionRequestorResp.projectCostCenter},
		COST_CENTER_OWNER=#{IngestionRequestorResp.costCenterOwner},
		INFRA_COST_CENTER=#{IngestionRequestorResp.infraCostCenter},
		ADDITIONAL_COMMENTS=#{IngestionRequestorResp.additionalComments},
		REQUEST_CREATED_BY=#{IngestionRequestorResp.requestCreatedBy, jdbcType=NUMERIC},
		USER_ACTION=#{IngestionRequestorResp.userAction},
		STEP_ID=#{IngestionRequestorResp.stepId},
		STEP_NAME=#{IngestionRequestorResp.stepName},
		WORKFLOW_TYPE=#{IngestionRequestorResp.workflowType},
		YEARS_OF_HISTORY_IS_REQ=#{IngestionRequestorResp.yearsOfHistoryIsReq, jdbcType=VARCHAR},
		APPROX_HISTORY_DATA_SIZE=#{IngestionRequestorResp.approxHistoryDataSize, jdbcType=NUMERIC},
		HISTORY_STORAGE_TYPE=#{IngestionRequestorResp.historyStorageType, jdbcType=VARCHAR},
		FREQUENCY=#{IngestionRequestorResp.frequency, jdbcType=VARCHAR},
		APPROX_INCREMENTAL_DATA_SIZE=#{IngestionRequestorResp.approxIncrementalDataSize, jdbcType=NUMERIC},
		INCREMENTAL_STORAGE_TYPE=#{IngestionRequestorResp.incrementalStorageType, jdbcType=VARCHAR},
		EXPECTED_DELIVERY_DATE=NVL(#{IngestionRequestorResp.expectedDeliveryDate, jdbcType=DATE},NULL),
		EXPECTED_NO_OF_FILES=#{IngestionRequestorResp.expectedNoOfFiles, jdbcType=NUMERIC},
		EXPECTED_NO_OF_ATTRIBUTES=#{IngestionRequestorResp.expectedNoOfAttributes, jdbcType=NUMERIC},
		PRIORITY=#{IngestionRequestorResp.priority, jdbcType=VARCHAR},
		ITAM_NUMBER=#{IngestionRequestorResp.itamNumber, jdbcType=NUMERIC},
		PROJECT_NAME=#{IngestionRequestorResp.projectName, jdbcType=VARCHAR},
		BUSINESS_STREAM=#{IngestionRequestorResp.businessStream, jdbcType=VARCHAR},
		FUNDING_AVENUE=#{IngestionRequestorResp.fundingAvenue, jdbcType=VARCHAR},
		BENEFIT_CATEGORY=#{IngestionRequestorResp.benefitCatagory, jdbcType=VARCHAR},
		BENEFIT_DETAILS=#{IngestionRequestorResp.benefitDetails, jdbcType=VARCHAR},
		REQUEST_SUMMARY=#{IngestionRequestorResp.requestSummary, jdbcType=VARCHAR},
		PROPOSED_COST=#{IngestionRequestorResp.proposedCost, jdbcType=NUMERIC},
		FILE_NAME=#{IngestionRequestorResp.fileName, jdbcType=VARCHAR}
		where REQ_ID=#{IngestionRequestorResp.reqId, jdbcType=NUMERIC}
	</update>	
</mapper>