<?xml version="1.0" encoding="UTF-8" ?>
<!DOCTYPE mapper
    PUBLIC "-//mybatis.org//DTD Mapper 3.0//EN"
    "http://mybatis.org/dtd/mybatis-3-mapper.dtd">

<mapper
	namespace="com.scb.selfservice.dao.mapper.EdmpIngSolArchReqMapper">

	<resultMap type="com.scb.selfservice.domains.IngestionSolArchApproval" id="IngestionSolArchApproval">
		<id property="reqId" column="REQ_ID"/>
		<result property="proposedSolution" column="PROPOSED_SOLUTION"/>
		<result property="srcDataSys" column="SRC_DATA_SYS"/>
		<result property="srcSysCommunications" column="SRC_SYS_COMMUNICATIONS"/>
		<result property="solutionComments" column="SOLUTION_COMMENTS"/>
		<result property="requestCreatedBy" column="REQUEST_CREATED_BY"/>
		<result property="userAction" column="USER_ACTION"/>
		<result property="stepId" column="STEP_ID"/>
		<result property="stepName" column="STEP_NAME"/>
		<result property="workflowType" column="WORKFLOW_TYPE"/>
	</resultMap>
	
	<select id="findByRequestId" resultMap="IngestionSolArchApproval">
		SELECT
		REQ_ID,PROPOSED_SOLUTION,SRC_DATA_SYS,SRC_SYS_COMMUNICATIONS,SOLUTION_COMMENTS,REQUEST_CREATED_BY,USER_ACTION,STEP_ID,STEP_NAME,WORKFLOW_TYPE FROM EDMP_ING_SOL_ARCH_APPRVAL
		 WHERE REQ_ID = #{reqId,jdbcType=NUMERIC}
	</select>
		
	<insert id="saveSolutionArchRequest"
		parameterType="com.scb.selfservice.domains.IngestionSolArchApproval">
		insert into EDMP_ING_SOL_ARCH_APPRVAL (
		REQ_ID,PROPOSED_SOLUTION,SRC_DATA_SYS,SRC_SYS_COMMUNICATIONS,
		SOLUTION_COMMENTS,REQUEST_CREATED_BY,USER_ACTION,STEP_ID,
		STEP_NAME, WORKFLOW_TYPE
		)values (
		#{IngestionSolArchRequest.reqId, jdbcType=NUMERIC},
		#{IngestionSolArchRequest.proposedSolution},
		#{IngestionSolArchRequest.srcDataSys},
		#{IngestionSolArchRequest.srcSysCommunications},
	    #{IngestionSolArchRequest.solutionComments},
	    #{IngestionSolArchRequest.requestCreatedBy, jdbcType=NUMERIC},
	    #{IngestionSolArchRequest.userAction},
	    #{IngestionSolArchRequest.stepId},
	    #{IngestionSolArchRequest.stepName},
	    #{IngestionSolArchRequest.workflowType}
		)
	</insert>
	<update id="updateSolArchRequest"
		parameterType="com.scb.selfservice.domains.IngestionSolArchApproval">
		update EDMP_ING_SOL_ARCH_APPRVAL set
		PROPOSED_SOLUTION=#{IngestionSolArchApproval.proposedSolution},
		SRC_DATA_SYS=#{IngestionSolArchApproval.srcDataSys},
		SRC_SYS_COMMUNICATIONS=#{IngestionSolArchApproval.srcSysCommunications},
		SOLUTION_COMMENTS=#{IngestionSolArchApproval.solutionComments},
		REQUEST_CREATED_BY=#{IngestionSolArchApproval.requestCreatedBy, jdbcType=NUMERIC},
		USER_ACTION=#{IngestionSolArchApproval.userAction},
		STEP_ID=#{IngestionSolArchApproval.stepId},
		STEP_NAME=#{IngestionSolArchApproval.stepName},
		WORKFLOW_TYPE=#{IngestionSolArchApproval.workflowType}
		where REQ_ID=#{IngestionSolArchApproval.reqId, jdbcType=NUMERIC}
	</update>	
</mapper>
