<?xml version="1.0" encoding="UTF-8" ?>
<!DOCTYPE mapper
    PUBLIC "-//mybatis.org//DTD Mapper 3.0//EN"
    "http://mybatis.org/dtd/mybatis-3-mapper.dtd">

<mapper
	namespace="com.scb.selfservice.dao.mapper.EdmpFileDownloadMapper">

	<resultMap type="com.scb.selfservice.domains.DownloadFile" id="DownloadFile">
		<id property="reqId" column="REQ_ID"/>
		<result property="sourceName" column="SOURCE_NAME"/>
		<result property="instanceName" column="INSTANCE_NAME"/>
		<result property="yearsOfHistoryIsReq" column="YEARS_OF_HISTORY_IS_REQ"/>
		<result property="approxHistoryDataSize" column="APPROX_HISTORY_DATA_SIZE"/>
		<result property="historyStorageType" column="HISTORY_STORAGE_TYPE"/>
		<result property="frequency" column="FREQUENCY"/>
		<result property="approxIncrementalDataSize" column="APPROX_INCREMENTAL_DATA_SIZE"/>
		<result property="incrementalStorageType" column="INCREMENTAL_STORAGE_TYPE"/>
		<result property="expectedDeliveryDate" column="EXPECTED_DELIVERY_DATE"/>
		<result property="expectedNoOfFiles" column="EXPECTED_NO_OF_FILES"/>
		<result property="expectedNoOfAttributes" column="EXPECTED_NO_OF_ATTRIBUTES"/>
		<result property="priority" column="PRIORITY"/>
		<result property="itamNumber" column="ITAM_NUMBER"/>
		<result property="projectName" column="PROJECT_NAME"/>
		<result property="businessStream" column="BUSINESS_STREAM"/>
		<result property="fundingAvenue" column="FUNDING_AVENUE"/>
		<result property="benefitCatagory" column="BENEFIT_CATEGORY"/>
		<result property="benefitDetails" column="BENEFIT_DETAILS"/>
		<result property="requestSummary" column="REQUEST_SUMMARY"/>
		<!-- <result property="requestCreatedBy" column="REQUEST_CREATED_BY"/>
		<result property="requestCreatedAt" column="REQUEST_CREATED_AT"/>
		<result property="requestModifiedAt" column="REQUEST_MODIFIED_AT"/>
		<result property="requestModifiedBy" column="REQUEST_MODIFIED_BY"/> -->
		<result property="sourceType" column="SOURCE_TYPE"/>
		<!-- <result property="estimationId" column="ESTIMATION_ID"/> -->
	</resultMap>
	
	<select id="findByRequestId" resultMap="DownloadFile">
		SELECT
		REQ_ID,SOURCE_NAME,INSTANCE_NAME,YEARS_OF_HISTORY_IS_REQ,APPROX_HISTORY_DATA_SIZE,HISTORY_STORAGE_TYPE,FREQUENCY,APPROX_INCREMENTAL_DATA_SIZE,INCREMENTAL_STORAGE_TYPE,
		TO_CHAR(EXPECTED_DELIVERY_DATE,'DD-MM-YYYY') as EXPECTED_DELIVERY_DATE,EXPECTED_NO_OF_FILES,EXPECTED_NO_OF_ATTRIBUTES,PRIORITY,ITAM_NUMBER,PROJECT_NAME,BUSINESS_STREAM,
		FUNDING_AVENUE,BENEFIT_CATEGORY,BENEFIT_DETAILS,REQUEST_SUMMARY,SOURCE_TYPE
		FROM EDMP_INJESTION_REQUEST WHERE REQ_ID = #{reqId,jdbcType=NUMERIC}
	</select>	
	
	<resultMap type="com.scb.selfservice.domains.EDMPEstimationMetaData" id="EDMPEstimationMetaData">
		<id property="sourceId" column="SOURCE_ID"/>
		<result property="sourceType" column="SOURCE_TYPE"/>
		<result property="costEstimationTemplate" column="COST_ESTIMATION_TEMPLATE"/>
	</resultMap>
	
	<select id="findBySourceType" resultMap="EDMPEstimationMetaData">
		SELECT
		SOURCE_ID,SOURCE_TYPE,COST_ESTIMATION_TEMPLATE
		FROM EDMP_ESTIMATION_METADATA WHERE SOURCE_TYPE = #{sourceType}
	</select>
	
	<resultMap type="com.scb.selfservice.domains.IsdFileStore" id="IsdFileStore">
		<result property="reqId" column="REQ_ID"/>
		<result property="versionNo" column="VERSION_NO"/>
		<result property="systems" column="SYSTEMS"/>
		<result property="countries" column="COUNTRIES"/>
		<result property="files" column="FILES"/>
	</resultMap>
	
	<select id="findIsdByReqId" resultMap="IsdFileStore">
		SELECT REQ_ID,VERSION_NO,SYSTEMS,COUNTRIES,FILES FROM ISD_FILESTORE WHERE REQ_ID = #{reqId} ORDER BY VERSION_NO DESC
	</select>
	
</mapper>
