<?xml version="1.0" encoding="UTF-8"?>

<!DOCTYPE mapper
    PUBLIC "-//mybatis.org//DTD Mapper 3.0//EN"
    "http://mybatis.org/dtd/mybatis-3-mapper.dtd">

<mapper namespace="com.scb.selfservice.dao.mapper.FileDownloadMapper">
	
	<resultMap type="com.scb.selfservice.domains.FileData" id="FileData">
		    <id property="reqId" column="req_id" /> 
		<result property="status" column="status" />
		<result property="itamId" column="itam_id" /> 
		<result property="itamDescription" column="itam_description" /> 
		<result property="appName" column="app_name" />
		<result property="appDescription" column="app_description" /> 
		<result property="country" column="country" />
		<result property="productCategory" column="product_category" /> 
		<result property="tableName" column="table_name" />
		<result property="tableDescription" column="table_description" />
		<result property="columnName" column="column_name" />
		<result property="columnDescription" column="column_description" />
		<result property="businessTerm" column="business_term" />
		<result property="businessDescription" column="business_description" />
		<result property="certified" column="certified" />
		<result property="piiCols" column="pii_cols" />
		<result property="cdeCol" column="cde_col" />
		<result property="dataType" column="data_type" />
		<result property="dataLength" column="data_length" />
		<result property="dataLineage" column="data_lineage" />
		<result property="dataXray" column="data_xray" />
		<result property="databasName" column="database_name" />
	</resultMap>
	<select id="pullData" resultMap="FileData">
		SELECT distinct a.req_id, s.status, NVL(i.itam_id , c.itam_id) as itam_id,  NVL(i.itam_description, c.app_description) as itam_description, c.app_name,
		      c.app_description, b.country,c.product_category, b.TABLE_NAME, b.table_description,
		      decode(a.column_name, 'ALL', t.column_name) column_name,
		      decode(a.column_name, 'ALL', t.column_description) column_description,
		      decode(a.column_name, 'ALL', t.business_term) business_term,
		      decode(a.column_name, 'ALL', t.business_description) business_description, 
		      decode(a.column_name, 'ALL', b.certified, t.certified) certified,
		      decode(a.column_name, 'ALL', t.pii) pii_cols,
		      decode(a.column_name, 'ALL', t.cde) cde_col,
		      decode(a.column_name, 'ALL', t.data_type) data_type,
		      decode(a.column_name, 'ALL', t.data_length) data_length,
		      decode(a.column_name, 'ALL', t.data_lineage) data_lineage,
		      decode(a.column_name, 'ALL', t.data_xray) data_xray,
		      b.database_name
	    FROM EDMP_CONSUMP_REQ_DETAILS a, EDMP_APP_TABS_METADATA b, EDMP_APP_METADATA c,
	         VW_EDMP_TABS_COLS T, EDMP_SELFSERVICE_REQ s, ITAM_DETAILS I
	        WHERE a.req_id = #{reqId}
	        AND a.TABLE_NAME = b.TABLE_NAME_T
	        AND a.APP_NAME = c.APP_NAME
	        AND c.ITAM_ID = b.ITAM_ID
	        AND a.INSTANCE = b.COUNTRY
	        AND b.COUNTRY_T = T.COUNTRY
	        AND b.TABLE_NAME_T = T.TABLE_NAME
	        AND t.ITAM_ID = b.ITAM_ID
	        AND t.column_name = decode(a.column_name, 'ALL', t.column_name, a.column_name)
	        AND c.itam_ID = i.itam_id (+)
	        AND s.req_id = a.req_id
	    order by b.TABLE_NAME
	</select>

	<resultMap type="com.scb.selfservice.domains.FileUpload" id="FileUpload">
		<id property="uploadId" column="UPLOAD_ID" />
		<result property="fileName" column="FILE_NAME" />
		<result property="fileType" column="FILE_TYPE" />
		<result property="content" column="CONTENT" />
	</resultMap>
	<select id="pullFile" resultMap="FileUpload">
	  		select UPLOAD_ID, FILE_NAME, FILE_TYPE, CONTENT
	  		from FILEUPLOAD 
	  		WHERE UPLOAD_ID = #{uploadId}
  	</select>
</mapper>