<?xml version="1.0" encoding="UTF-8" ?>
<!DOCTYPE mapper
    PUBLIC "-//mybatis.org//DTD Mapper 3.0//EN"
    "http://mybatis.org/dtd/mybatis-3-mapper.dtd">

<mapper
	namespace="com.scb.selfservice.dao.mapper.EdmpIngestionRequestMapper">

	<resultMap type="com.scb.selfservice.domains.IngestionRequest" id="IngestionRequest">
		<id property="reqId" column="REQ_ID"/>
		<result property="sourceName" column="SOURCE_NAME"/>
		<result property="instanceName" column="INSTANCE_NAME"/>
		<result property="yearsOfHistoryIsReq" column="YEARS_OF_HISTORY_IS_REQ"/>
		<result property="approxHistoryDataSize" column="APPROX_HISTORY_DATA_SIZE"/>
		<result property="historyStorageType" column="HISTORY_STORAGE_TYPE"/>
		<result property="frequency" column="FREQUENCY"/>
		<result property="approxIncrementalDataSize" column="APPROX_INCREMENTAL_DATA_SIZE"/>
		<result property="incrementalStorageType" column="INCREMENTAL_STORAGE_TYPE"/>
		<result property="expectedDeliveryDate" column="EXPECTED_DELIVERY_DATE"/>
		<result property="expectedNoOfFiles" column="EXPECTED_NO_OF_FILES"/>
		<result property="expectedNoOfAttributes" column="EXPECTED_NO_OF_ATTRIBUTES"/>
		<result property="priority" column="PRIORITY"/>
		<result property="itamNumber" column="ITAM_NUMBER"/>
		<result property="projectName" column="PROJECT_NAME"/>
		<result property="businessStream" column="BUSINESS_STREAM"/>
		<result property="fundingAvenue" column="FUNDING_AVENUE"/>
		<result property="benefitCatagory" column="BENEFIT_CATEGORY"/>
		<result property="benefitDetails" column="BENEFIT_DETAILS"/>
		<result property="requestSummary" column="REQUEST_SUMMARY"/>
		<result property="requestCreatedBy" column="REQUEST_CREATED_BY"/>
		<result property="requestCreatedAt" column="REQUEST_CREATED_AT"/>
		<result property="requestModifiedAt" column="REQUEST_MODIFIED_AT"/>
		<result property="requestModifiedBy" column="REQUEST_MODIFIED_BY"/>
		<result property="sourceType" column="SOURCE_TYPE"/>
		<result property="estimationId" column="ESTIMATION_ID"/>
		<result property="proposedCost" column="PROPOSED_COST"/>
		<result property="subSourceType" column="SUBSOURCE_TYPE"/>
		<result property="rejectedFlag" column="REJECTED_FLAG"/>
	</resultMap>
	
	<select id="findByRequestId" resultMap="IngestionRequest">
		SELECT
		REQ_ID,SOURCE_NAME,INSTANCE_NAME,YEARS_OF_HISTORY_IS_REQ,APPROX_HISTORY_DATA_SIZE,HISTORY_STORAGE_TYPE,FREQUENCY,APPROX_INCREMENTAL_DATA_SIZE,INCREMENTAL_STORAGE_TYPE,
		EXPECTED_DELIVERY_DATE,EXPECTED_NO_OF_FILES,EXPECTED_NO_OF_ATTRIBUTES,PRIORITY,ITAM_NUMBER,PROJECT_NAME,BUSINESS_STREAM,
		FUNDING_AVENUE,BENEFIT_CATEGORY,BENEFIT_DETAILS,REQUEST_SUMMARY,REQUEST_CREATED_BY,REQUEST_CREATED_AT,REQUEST_MODIFIED_AT,REQUEST_MODIFIED_BY,SOURCE_TYPE,ESTIMATION_ID,
		PROPOSED_COST,SUBSOURCE_TYPE,REJECTED_FLAG
		FROM EDMP_INJESTION_REQUEST WHERE REQ_ID = #{reqId,jdbcType=NUMERIC}
	</select>
	
	<insert id="insertEDMPSelfService" parameterType="com.scb.selfservice.domains.EDMPSelfServiceReq" 
			useGeneratedKeys="true" keyColumn="req_id" keyProperty="reqId">
	   INSERT INTO EDMP_SELFSERVICE_REQ (req_id, status, request_created_by,REQUEST_CREATED_AT, request_type)
	    	VALUES 
	    	(EDMP_SELFSERVICE_REQ_SEQ.nextVal, #{insertEDMPSelfService.status}, #{insertEDMPSelfService.requestCreatedBy},
	    	CURRENT_TIMESTAMP, #{insertEDMPSelfService.workflowType})
	</insert>
	
	<insert id="saveIngestionRequest"
		parameterType="com.scb.selfservice.domains.IngestionRequest">
		insert into EDMP_INJESTION_REQUEST (
		REQ_ID,SOURCE_NAME,INSTANCE_NAME,YEARS_OF_HISTORY_IS_REQ,APPROX_HISTORY_DATA_SIZE,HISTORY_STORAGE_TYPE,FREQUENCY,APPROX_INCREMENTAL_DATA_SIZE,INCREMENTAL_STORAGE_TYPE,
		EXPECTED_DELIVERY_DATE,EXPECTED_NO_OF_FILES,EXPECTED_NO_OF_ATTRIBUTES,PRIORITY,ITAM_NUMBER,PROJECT_NAME,BUSINESS_STREAM,
		FUNDING_AVENUE,BENEFIT_CATEGORY,BENEFIT_DETAILS,REQUEST_SUMMARY,REQUEST_CREATED_BY,REQUEST_CREATED_AT,REQUEST_MODIFIED_AT,REQUEST_MODIFIED_BY,SOURCE_TYPE,ESTIMATION_ID,
		PROPOSED_COST,SUBSOURCE_TYPE
		)
		values (
		#{IngestionRequest.reqId, jdbcType=NUMERIC},#{IngestionRequest.sourceName, jdbcType=VARCHAR},#{IngestionRequest.instanceName, jdbcType=VARCHAR},#{IngestionRequest.yearsOfHistoryIsReq, jdbcType=VARCHAR},
	    #{IngestionRequest.approxHistoryDataSize, jdbcType=NUMERIC},#{IngestionRequest.historyStorageType, jdbcType=VARCHAR},#{IngestionRequest.frequency, jdbcType=VARCHAR},
	    #{IngestionRequest.approxIncrementalDataSize, jdbcType=NUMERIC},#{IngestionRequest.incrementalStorageType, jdbcType=VARCHAR},NVL(#{IngestionRequest.expectedDeliveryDate, jdbcType=DATE},NULL),
	    #{IngestionRequest.expectedNoOfFiles, jdbcType=NUMERIC},#{IngestionRequest.expectedNoOfAttributes, jdbcType=NUMERIC},
	    #{IngestionRequest.priority, jdbcType=VARCHAR},#{IngestionRequest.itamNumber, jdbcType=NUMERIC},#{IngestionRequest.projectName, jdbcType=VARCHAR},#{IngestionRequest.businessStream, jdbcType=VARCHAR}, 
	    #{IngestionRequest.fundingAvenue, jdbcType=VARCHAR},#{IngestionRequest.benefitCatagory, jdbcType=VARCHAR},#{IngestionRequest.benefitDetails, jdbcType=VARCHAR}, 
	    #{IngestionRequest.requestSummary, jdbcType=VARCHAR},#{IngestionRequest.requestCreatedBy, jdbcType=NUMERIC},CURRENT_TIMESTAMP,
	    CURRENT_TIMESTAMP,#{IngestionRequest.requestCreatedBy, jdbcType=NUMERIC},#{IngestionRequest.sourceType, jdbcType=VARCHAR},#{IngestionRequest.estimationId, jdbcType=NUMERIC},
	    #{IngestionRequest.proposedCost, jdbcType=NUMERIC},#{IngestionRequest.subSourceType, jdbcType=VARCHAR}
		)
	</insert>
	
	<update id="updateIngestionRequest"
		parameterType="com.scb.selfservice.domains.IngestionRequest">
		update EDMP_INJESTION_REQUEST set
		SOURCE_NAME=#{IngestionRequest.sourceName, jdbcType=VARCHAR},
		INSTANCE_NAME=#{IngestionRequest.instanceName, jdbcType=VARCHAR},
		YEARS_OF_HISTORY_IS_REQ=#{IngestionRequest.yearsOfHistoryIsReq, jdbcType=VARCHAR},
		APPROX_HISTORY_DATA_SIZE=#{IngestionRequest.approxHistoryDataSize, jdbcType=NUMERIC},
		HISTORY_STORAGE_TYPE=#{IngestionRequest.historyStorageType, jdbcType=VARCHAR},
		FREQUENCY=#{IngestionRequest.frequency, jdbcType=VARCHAR},
		APPROX_INCREMENTAL_DATA_SIZE=#{IngestionRequest.approxIncrementalDataSize, jdbcType=NUMERIC},
		INCREMENTAL_STORAGE_TYPE=#{IngestionRequest.incrementalStorageType, jdbcType=VARCHAR},
		EXPECTED_DELIVERY_DATE=NVL(#{IngestionRequest.expectedDeliveryDate, jdbcType=DATE},NULL),
		EXPECTED_NO_OF_FILES=#{IngestionRequest.expectedNoOfFiles, jdbcType=NUMERIC},
		EXPECTED_NO_OF_ATTRIBUTES=#{IngestionRequest.expectedNoOfAttributes, jdbcType=NUMERIC},
		PRIORITY=#{IngestionRequest.priority, jdbcType=VARCHAR},
		ITAM_NUMBER=#{IngestionRequest.itamNumber, jdbcType=NUMERIC},
		PROJECT_NAME=#{IngestionRequest.projectName, jdbcType=VARCHAR},
		BUSINESS_STREAM=#{IngestionRequest.businessStream, jdbcType=VARCHAR},
		FUNDING_AVENUE=#{IngestionRequest.fundingAvenue, jdbcType=VARCHAR},
		BENEFIT_CATEGORY=#{IngestionRequest.benefitCatagory, jdbcType=VARCHAR},
		BENEFIT_DETAILS=#{IngestionRequest.benefitDetails, jdbcType=VARCHAR},
		REQUEST_SUMMARY=#{IngestionRequest.requestSummary, jdbcType=VARCHAR},
		<!-- REQUEST_CREATED_BY=#{IngestionRequest.requestCreatedBy, jdbcType=NUMERIC},
		REQUEST_CREATED_AT=CURRENT_TIMESTAMP, -->
		REQUEST_MODIFIED_AT=CURRENT_TIMESTAMP,
		REQUEST_MODIFIED_BY=#{IngestionRequest.requestCreatedBy, jdbcType=NUMERIC},
		SOURCE_TYPE=#{IngestionRequest.sourceType, jdbcType=VARCHAR},
		<!-- REQUEST_MODIFIED_AT= CURRENT_TIMESTAMP -->
		ESTIMATION_ID=#{IngestionRequest.estimationId, jdbcType=NUMERIC},
		PROPOSED_COST=#{IngestionRequest.proposedCost, jdbcType=NUMERIC},
		SUBSOURCE_TYPE=#{IngestionRequest.subSourceType, jdbcType=VARCHAR}
		where REQ_ID=#{IngestionRequest.reqId, jdbcType=NUMERIC}
	</update>
	
	<update id="updateEDMPSelfService" parameterType="com.scb.selfservice.domains.IngestionRequest" >
	    update EDMP_SELFSERVICE_REQ set 
	    status=NVL(#{IngestionRequest.userAction},status) 
	    	where REQ_ID = #{IngestionRequest.reqId, jdbcType=NUMERIC}
	    	
	</update>
	<update id="updateProposedCost">
	    update EDMP_INJESTION_REQUEST set 
	    REQUEST_MODIFIED_AT=CURRENT_TIMESTAMP,
	    REQUEST_MODIFIED_BY=#{userId, jdbcType=NUMERIC},
	    PROPOSED_COST=#{proposedCost, jdbcType=NUMERIC}
	    	where REQ_ID = #{reqId, jdbcType=NUMERIC}  	
	</update> 
	
	<update id="updateIngestionflag">
	    update EDMP_INJESTION_REQUEST set 
	    REJECTED_FLAG=#{rejectedFlag, jdbcType=NUMERIC}
	    where REQ_ID = #{reqId, jdbcType=NUMERIC}  	
	</update> 

</mapper>
