<?xml version="1.0" encoding="UTF-8" ?>
<!DOCTYPE mapper
    PUBLIC "-//mybatis.org//DTD Mapper 3.0//EN"
    "http://mybatis.org/dtd/mybatis-3-mapper.dtd">

<mapper
	namespace="com.scb.selfservice.dao.mapper.IngestionDynamicMapper">

	<resultMap type="com.scb.selfservice.domains.IngestionSolArchApproval" id="IngestionSolArchApproval">
		<id property="reqId" column="REQ_ID"/>
		<result property="proposedSolution" column="PROPOSED_SOLUTION"/>
		<result property="srcDataSys" column="SRC_DATA_SYS"/>
		<result property="srcSysCommunications" column="SRC_SYS_COMMUNICATIONS"/>
		<result property="solutionComments" column="SOLUTION_COMMENTS"/>
		<result property="requestCreatedBy" column="REQUEST_CREATED_BY"/>
		<result property="userAction" column="USER_ACTION"/>
		<result property="stepId" column="STEP_ID"/>
		<result property="stepName" column="STEP_NAME"/>
		<result property="workflowType" column="WORKFLOW_TYPE"/>
	</resultMap>
	
	<select id="findByRequestId" resultMap="IngestionSolArchApproval">
		SELECT
		REQ_ID,PROPOSED_SOLUTION,SRC_DATA_SYS,SRC_SYS_COMMUNICATIONS,SOLUTION_COMMENTS,REQUEST_CREATED_BY,USER_ACTION,STEP_ID,STEP_NAME,WORKFLOW_TYPE FROM EDMP_ING_SOL_ARCH_APPRVAL
		 WHERE REQ_ID = #{reqId,jdbcType=NUMERIC}
	</select>
     <!-- for inserting -->			
	<insert id="saveSolutionArchRequest"
		parameterType="map" >
		insert into EDMP_ING_SOL_ARCH_APPRVAL (
		REQ_ID,PROPOSED_SOLUTION,SRC_DATA_SYS,SRC_SYS_COMMUNICATIONS,
		SOLUTION_COMMENTS,REQUEST_CREATED_BY,USER_ACTION,STEP_ID,
		STEP_NAME, WORKFLOW_TYPE
		)values (
		#{params.reqId, jdbcType=NUMERIC},
		#{params.proposedSolution, jdbcType=VARCHAR},
		#{params.srcDataSys, jdbcType=VARCHAR},
		#{params.srcSysCommunications,jdbcType=VARCHAR},
	    #{params.solutionComments,jdbcType=VARCHAR},
	    #{params.requestCreatedBy, jdbcType=NUMERIC},
	    #{params.userAction, jdbcType=VARCHAR},
	    #{params.stepId,jdbcType=VARCHAR},
	    #{params.stepName, jdbcType=VARCHAR},
	    #{params.workflowType,jdbcType=VARCHAR}
		)
	</insert>
	<update id="updateSolArchRequest"
		parameterType="map">
		update EDMP_ING_SOL_ARCH_APPRVAL set
		PROPOSED_SOLUTION=#{params.proposedSolution, jdbcType=VARCHAR},
		SRC_DATA_SYS=#{params.srcDataSys, jdbcType=VARCHAR},
		SRC_SYS_COMMUNICATIONS=#{params.srcSysCommunications, jdbcType=VARCHAR},
		SOLUTION_COMMENTS=#{params.solutionComments, jdbcType=VARCHAR},
		REQUEST_CREATED_BY=#{params.requestCreatedBy, jdbcType=NUMERIC},
		USER_ACTION=#{params.userAction, jdbcType=VARCHAR},
		STEP_ID=#{params.stepId, jdbcType=VARCHAR},
		STEP_NAME=#{params.stepName, jdbcType=VARCHAR},
		WORKFLOW_TYPE=#{params.workflowType, jdbcType=VARCHAR}
		where REQ_ID=#{params.reqId, jdbcType=NUMERIC}
	</update>
	

	<resultMap type="com.scb.selfservice.domains.IngestionRequestorResp" id="IngestionRequestorResp">
		<id property="reqId" column="REQ_ID"/>
		<result property="approvedCost" column="APPROVED_COST"/>
		<result property="clarityId" column="CLARITY_ID"/>
		<result property="projectCostCenter" column="PROJECT_COST_CENTER"/>
		<result property="costCenterOwner" column="COST_CENTER_OWNER"/>
		<result property="infraCostCenter" column="INFRA_COST_CENTER"/>
		<result property="additionalComments" column="ADDITIONAL_COMMENTS"/>
		<result property="requestCreatedBy" column="REQUEST_CREATED_BY"/>
		<result property="userAction" column="USER_ACTION"/>
		<result property="stepId" column="STEP_ID"/>
		<result property="stepName" column="STEP_NAME"/>
		<result property="workflowType" column="WORKFLOW_TYPE"/>
		<result property="yearsOfHistoryIsReq" column="YEARS_OF_HISTORY_IS_REQ"/>
		<result property="approxHistoryDataSize" column="APPROX_HISTORY_DATA_SIZE"/>
		<result property="historyStorageType" column="HISTORY_STORAGE_TYPE"/>
		<result property="frequency" column="FREQUENCY"/>
		<result property="approxIncrementalDataSize" column="APPROX_INCREMENTAL_DATA_SIZE"/>
		<result property="incrementalStorageType" column="INCREMENTAL_STORAGE_TYPE"/>
		<result property="expectedDeliveryDate" column="EXPECTED_DELIVERY_DATE"/>
		<result property="expectedNoOfFiles" column="EXPECTED_NO_OF_FILES"/>
		<result property="expectedNoOfAttributes" column="EXPECTED_NO_OF_ATTRIBUTES"/>
		<result property="priority" column="PRIORITY"/>
		<result property="itamNumber" column="ITAM_NUMBER"/>
		<result property="projectName" column="PROJECT_NAME"/>
		<result property="businessStream" column="BUSINESS_STREAM"/>
		<result property="fundingAvenue" column="FUNDING_AVENUE"/>
		<result property="benefitCatagory" column="BENEFIT_CATEGORY"/>
		<result property="benefitDetails" column="BENEFIT_DETAILS"/>
		<result property="requestSummary" column="REQUEST_SUMMARY"/>
		<result property="proposedCost" column="PROPOSED_COST"/>
		<result property="fileName" column="FILE_NAME"/>
	</resultMap>
	
	<select id="cAfindByRequestId" resultMap="IngestionRequestorResp">
		SELECT
		REQ_ID,APPROVED_COST,CLARITY_ID,PROJECT_COST_CENTER,COST_CENTER_OWNER,INFRA_COST_CENTER,ADDITIONAL_COMMENTS,REQUEST_CREATED_BY,
		USER_ACTION,STEP_ID,STEP_NAME,WORKFLOW_TYPE,YEARS_OF_HISTORY_IS_REQ,HISTORY_STORAGE_TYPE,APPROX_HISTORY_DATA_SIZE,FREQUENCY,APPROX_INCREMENTAL_DATA_SIZE,INCREMENTAL_STORAGE_TYPE,EXPECTED_DELIVERY_DATE,EXPECTED_NO_OF_FILES,EXPECTED_NO_OF_ATTRIBUTES,PRIORITY,
		ITAM_NUMBER,PROJECT_NAME,BUSINESS_STREAM,FUNDING_AVENUE,BENEFIT_CATEGORY,BENEFIT_DETAILS,REQUEST_SUMMARY,PROPOSED_COST,FILE_NAME FROM EDMP_ING_REQUESTOR_RESP
		 WHERE REQ_ID = #{reqId,jdbcType=NUMERIC}
	</select>
		
	<insert id="saveIngestionRequestorResp" parameterType="map">
			insert into EDMP_ING_REQUESTOR_RESP ( REQ_ID,APPROVED_COST,CLARITY_ID,PROJECT_COST_CENTER,COST_CENTER_OWNER,INFRA_COST_CENTER,ADDITIONAL_COMMENTS,REQUEST_CREATED_BY,
		USER_ACTION,STEP_ID,STEP_NAME,WORKFLOW_TYPE,YEARS_OF_HISTORY_IS_REQ,HISTORY_STORAGE_TYPE,APPROX_HISTORY_DATA_SIZE,FREQUENCY,APPROX_INCREMENTAL_DATA_SIZE,INCREMENTAL_STORAGE_TYPE,
		EXPECTED_DELIVERY_DATE,EXPECTED_NO_OF_FILES,EXPECTED_NO_OF_ATTRIBUTES,PRIORITY,
		ITAM_NUMBER,PROJECT_NAME,BUSINESS_STREAM,FUNDING_AVENUE,BENEFIT_CATEGORY,BENEFIT_DETAILS,REQUEST_SUMMARY,PROPOSED_COST,FILE_NAME
		) values (
		#{params.reqId, jdbcType=NUMERIC},
		#{params.approvedCost},
		#{params.clarityId},
		#{params.projectCostCenter},
		#{params.costCenterOwner},
		#{params.infraCostCenter},
	    #{params.additionalComments},
	    #{params.requestCreatedBy, jdbcType=NUMERIC},
	    #{params.userAction},
	    #{params.stepId},
	    #{params.stepName},
	    #{params.workflowType},
	    #{params.yearsOfHistoryIsReq, jdbcType=VARCHAR},
	    #{params.historyStorageType, jdbcType=VARCHAR},
	    #{params.approxHistoryDataSize, jdbcType=NUMERIC},
	    #{params.frequency, jdbcType=VARCHAR},
	    #{params.approxIncrementalDataSize, jdbcType=NUMERIC},
	    #{params.incrementalStorageType, jdbcType=VARCHAR},
		NVL(#{params.expectedDeliveryDate, jdbcType=DATE},NULL),
 		#{params.expectedNoOfFiles, jdbcType=NUMERIC},
	    #{params.expectedNoOfAttributes, jdbcType=NUMERIC},
	    #{params.priority, jdbcType=VARCHAR},
	    #{params.itamNumber, jdbcType=NUMERIC},
	    #{params.projectName, jdbcType=VARCHAR},
	    #{params.businessStream, jdbcType=VARCHAR}, 
	    #{params.fundingAvenue, jdbcType=VARCHAR},
	    #{params.benefitCatagory, jdbcType=VARCHAR},
	    #{params.benefitDetails, jdbcType=VARCHAR}, 
	    #{params.requestSummary, jdbcType=VARCHAR},
	    #{params.proposedCost, jdbcType=NUMERIC},
	    #{params.fileName, jdbcType=VARCHAR}
		)
	</insert>
	<update id="updateIngestionRequestorResp"
		parameterType="map">
		update EDMP_ING_REQUESTOR_RESP set
		APPROVED_COST=#{params.approvedCost},
		CLARITY_ID=#{params.clarityId},
		PROJECT_COST_CENTER=#{params.projectCostCenter},
		COST_CENTER_OWNER=#{params.costCenterOwner},
		INFRA_COST_CENTER=#{params.infraCostCenter},
		ADDITIONAL_COMMENTS=#{params.additionalComments},
		REQUEST_CREATED_BY=#{params.requestCreatedBy, jdbcType=NUMERIC},
		USER_ACTION=#{params.userAction},
		STEP_ID=#{params.stepId},
		STEP_NAME=#{params.stepName},
		WORKFLOW_TYPE=#{params.workflowType},
		YEARS_OF_HISTORY_IS_REQ=#{params.yearsOfHistoryIsReq, jdbcType=VARCHAR},
		APPROX_HISTORY_DATA_SIZE=#{params.approxHistoryDataSize, jdbcType=NUMERIC},
		HISTORY_STORAGE_TYPE=#{params.historyStorageType, jdbcType=VARCHAR},
		FREQUENCY=#{params.frequency, jdbcType=VARCHAR},
		APPROX_INCREMENTAL_DATA_SIZE=#{params.approxIncrementalDataSize, jdbcType=NUMERIC},
		INCREMENTAL_STORAGE_TYPE=#{params.incrementalStorageType, jdbcType=VARCHAR},
		EXPECTED_DELIVERY_DATE=NVL(#{params.expectedDeliveryDate, jdbcType=DATE},NULL),
		EXPECTED_NO_OF_FILES=#{params.expectedNoOfFiles, jdbcType=NUMERIC},
		EXPECTED_NO_OF_ATTRIBUTES=#{params.expectedNoOfAttributes, jdbcType=NUMERIC},
		PRIORITY=#{params.priority, jdbcType=VARCHAR},
		ITAM_NUMBER=#{params.itamNumber, jdbcType=NUMERIC},
		PROJECT_NAME=#{params.projectName, jdbcType=VARCHAR},
		BUSINESS_STREAM=#{params.businessStream, jdbcType=VARCHAR},
		FUNDING_AVENUE=#{params.fundingAvenue, jdbcType=VARCHAR},
		BENEFIT_CATEGORY=#{params.benefitCatagory, jdbcType=VARCHAR},
		BENEFIT_DETAILS=#{params.benefitDetails, jdbcType=VARCHAR},
		REQUEST_SUMMARY=#{params.requestSummary, jdbcType=VARCHAR},
		PROPOSED_COST=#{params.proposedCost, jdbcType=NUMERIC},
		FILE_NAME=#{params.fileName, jdbcType=VARCHAR}
		where REQ_ID=#{params.reqId, jdbcType=NUMERIC}
	</update>
	
	<resultMap type="com.scb.selfservice.domains.IngestionDmApproval" id="IngestionDmApproval">
		<id property="reqId" column="REQ_ID"/>
		<result property="dmComments" column="DM_COMMENTS"/>
		<result property="plannedReleaseDate" column="PLANNED_RELEASE_DATE"/>
		<result property="requestCreatedBy" column="REQUEST_CREATED_BY"/>
		<result property="userAction" column="USER_ACTION"/>
		<result property="stepId" column="STEP_ID"/>
		<result property="stepName" column="STEP_NAME"/>
		<result property="workflowType" column="WORKFLOW_TYPE"/>
	</resultMap>
	
	<select id="dMfindByRequestId" resultMap="IngestionDmApproval">
		SELECT
		REQ_ID,DM_COMMENTS,PLANNED_RELEASE_DATE,REQUEST_CREATED_BY,USER_ACTION,STEP_ID,STEP_NAME,WORKFLOW_TYPE FROM EDMP_ING_DM_APPRVAL
		 WHERE REQ_ID = #{reqId,jdbcType=NUMERIC}
	</select>
		
	<insert id="saveDmApprovalRequest"
		parameterType="map">
		insert into EDMP_ING_DM_APPRVAL (
		REQ_ID,DM_COMMENTS,PLANNED_RELEASE_DATE,REQUEST_CREATED_BY,USER_ACTION,STEP_ID,STEP_NAME,WORKFLOW_TYPE
		) values (
		#{params.reqId, jdbcType=NUMERIC},
		#{params.dmComments, jdbcType=VARCHAR},
		#{params.plannedReleaseDate,jdbcType=DATE},
		#{params.requestCreatedBy, jdbcType=NUMERIC},
	    #{params.userAction, jdbcType=VARCHAR},
	    #{params.stepId, jdbcType=VARCHAR},
	    #{params.stepName, jdbcType=VARCHAR},
	    #{params.workflowType, jdbcType=VARCHAR}
		)
	</insert>
	<update id="updateDmApprovalRequest"
		parameterType="map">
		update EDMP_ING_DM_APPRVAL set
		DM_COMMENTS=#{params.dmComments, jdbcType=VARCHAR},
		PLANNED_RELEASE_DATE=#{params.plannedReleaseDate,jdbcType=DATE},
		REQUEST_CREATED_BY=#{params.requestCreatedBy, jdbcType=NUMERIC},
		USER_ACTION=#{params.userAction, jdbcType=VARCHAR},
		STEP_ID=#{params.stepId, jdbcType=VARCHAR},
		STEP_NAME=#{params.stepName, jdbcType=VARCHAR},
		WORKFLOW_TYPE=#{params.workflowType, jdbcType=VARCHAR}
		where REQ_ID=#{params.reqId, jdbcType=NUMERIC}
	</update>		
		
	<resultMap type="com.scb.selfservice.domains.IngestionDeployForms" id="IngestionDeployForms">
		<id property="reqId" column="REQ_ID"/>
		<result property="instanceToBeCovered" column="INSTANCE_TO_BE_COVERED"/>
		<result property="environmentToDeploy" column="ENVIRONMENT_TO_DEPLOY"/>
		<result property="dataSource" column="DATA_SOURCE"/>
		<result property="releaseSummary" column="RELEASE_SUMMARY"/>
		<result property="remarks" column="REMARKS"/>
		<result property="ratReferenceNum" column="RAT_REFERENCE_NUM"/>
		<result property="rmsReferenceNum" column="RMS_REFERENCE_NUM"/>
		<result property="crNumber" column="CR_NUMBER"/>
		<result property="remedyReferenceNumber" column="REMEDY_REFERENCE_NUM"/>
		<result property="lcApprovalTaken" column="LC_APPROVAL_TAKEN"/>
		<result property="boApprovalTaken" column="BO_APPROVAL_TAKEN"/>
		<result property="userAction" column="USER_ACTION"/>
		<result property="stepId" column="STEP_ID"/>
		<result property="workflowId" column="WORKFLOW_ID"/>
		<result property="requestCreatedBy" column="REQUEST_CREATED_BY"/>
		<result property="requestCreatedAt" column="REQUEST_CREATED_AT"/>
	</resultMap>
	
	
	<select id="sitfindByRequestId" resultMap="IngestionDeployForms">
		SELECT
		REQ_ID,INSTANCE_TO_BE_COVERED,ENVIRONMENT_TO_DEPLOY,DATA_SOURCE,RELEASE_SUMMARY,REMARKS,RAT_REFERENCE_NUM,RMS_REFERENCE_NUM,CR_NUMBER,REMEDY_REFERENCE_NUM,
		LC_APPROVAL_TAKEN,BO_APPROVAL_TAKEN,USER_ACTION,STEP_ID,WORKFLOW_ID,REQUEST_CREATED_BY,REQUEST_CREATED_AT FROM EDMP_ING_DEPLOY_FORMS
		 WHERE REQ_ID = #{reqId,jdbcType=NUMERIC} AND STEP_ID=#{stepId, jdbcType=VARCHAR}
	</select>
	
	<insert id="saveSitApprovalRequest"
		parameterType="map">
		insert into EDMP_ING_DEPLOY_FORMS (
		REQ_ID,INSTANCE_TO_BE_COVERED,ENVIRONMENT_TO_DEPLOY,DATA_SOURCE,RELEASE_SUMMARY,REMARKS,RAT_REFERENCE_NUM,RMS_REFERENCE_NUM,CR_NUMBER,REMEDY_REFERENCE_NUM,
		LC_APPROVAL_TAKEN,BO_APPROVAL_TAKEN,USER_ACTION,STEP_ID,WORKFLOW_ID,REQUEST_CREATED_BY,REQUEST_CREATED_AT
		) values (
		#{params.reqId, jdbcType=NUMERIC},
		#{params.instanceToBeCovered, jdbcType=VARCHAR},
		#{params.environmentToDeploy,jdbcType=VARCHAR},
		#{params.dataSource, jdbcType=VARCHAR},
		#{params.releaseSummary, jdbcType=VARCHAR},
	    #{params.remarks, jdbcType=VARCHAR},
	    #{params.ratReferenceNum, jdbcType=NUMERIC},
	    #{params.rmsReferenceNum, jdbcType=NUMERIC},
	    #{params.crNumber, jdbcType=NUMERIC},
	    #{params.remedyReferenceNumber, jdbcType=NUMERIC},
	    #{params.lcApprovalTaken, jdbcType=NUMERIC},
	    #{params.boApprovalTaken, jdbcType=NUMERIC},
	    #{params.userAction, jdbcType=VARCHAR},
	    #{params.stepId, jdbcType=VARCHAR},
	    #{params.workflowId, jdbcType=NUMERIC},
	    #{params.requestCreatedBy, jdbcType=NUMERIC},
	    CURRENT_TIMESTAMP
		)
	</insert>
	<update id="updateSitApprovalRequest"
		parameterType="map">
		update EDMP_ING_DEPLOY_FORMS set
		INSTANCE_TO_BE_COVERED=#{params.instanceToBeCovered, jdbcType=VARCHAR},
		ENVIRONMENT_TO_DEPLOY=#{params.environmentToDeploy,jdbcType=VARCHAR},
		DATA_SOURCE=#{params.dataSource, jdbcType=VARCHAR},
		RELEASE_SUMMARY=#{params.releaseSummary, jdbcType=VARCHAR},
		REMARKS=#{params.remarks, jdbcType=VARCHAR},
		RAT_REFERENCE_NUM=#{params.ratReferenceNum, jdbcType=NUMERIC},
		RMS_REFERENCE_NUM= #{params.rmsReferenceNum, jdbcType=NUMERIC},
		CR_NUMBER=#{params.crNumber, jdbcType=NUMERIC},
		REMEDY_REFERENCE_NUM=#{params.remedyReferenceNumber, jdbcType=NUMERIC},
		LC_APPROVAL_TAKEN=#{params.lcApprovalTaken, jdbcType=NUMERIC},
		BO_APPROVAL_TAKEN=#{params.boApprovalTaken, jdbcType=NUMERIC},
		USER_ACTION=#{params.userAction, jdbcType=VARCHAR},
		REQUEST_CREATED_BY=#{params.requestCreatedBy, jdbcType=NUMERIC},
		REQUEST_CREATED_AT=CURRENT_TIMESTAMP
		where REQ_ID=#{params.reqId, jdbcType=NUMERIC} AND STEP_ID=#{params.stepId, jdbcType=VARCHAR}
	</update>
	
	<resultMap type="com.scb.selfservice.domains.IngestionDeployIterations" id="IngestionDeployIterations">
		<id property="reqId" column="REQ_ID"/>
		<result property="releaseId" column="RELEASE_ID"/>
		<result property="stepId" column="STEP_ID"/>
		<result property="deploymentDate" column="DEPLOYMENT_DATE"/>
		<result property="dataSource" column="DATA_SOURCE"/>
		<result property="instanceToBeCovered" column="INSTANCE_TO_BE_COVERED"/>
		<result property="environmentToDeploy" column="ENVIRONMENT_TO_DEPLOY"/>
		<result property="deploymentStatus" column="DEPLOYMENT_STATUS"/>
		<result property="exceptions" column="EXCEPTIONS"/>
	</resultMap>
	
	
	<select id="iterationfindByReqId" resultMap="IngestionDeployIterations">
		SELECT
		REQ_ID,RELEASE_ID,STEP_ID,DEPLOYMENT_DATE,DATA_SOURCE,INSTANCE_TO_BE_COVERED,ENVIRONMENT_TO_DEPLOY,DEPLOYMENT_STATUS,EXCEPTIONS FROM EDMP_ING_DEPLOY_ITERATIONS
		 WHERE REQ_ID = #{reqId,jdbcType=NUMERIC} AND STEP_ID=#{stepId, jdbcType=VARCHAR} ORDER BY RELEASE_ID
	</select>
	
	<insert id="saveSitIterationRequest"
		parameterType="map">
		insert into EDMP_ING_DEPLOY_ITERATIONS (
		REQ_ID,RELEASE_ID,STEP_ID,DEPLOYMENT_DATE,DATA_SOURCE,INSTANCE_TO_BE_COVERED,ENVIRONMENT_TO_DEPLOY,DEPLOYMENT_STATUS,EXCEPTIONS
		) values (
		#{params.reqId, jdbcType=NUMERIC},
		(select NVL(count(*),0)+1 from EDMP_ING_DEPLOY_ITERATIONS where req_id = #{params.reqId, jdbcType=NUMERIC} AND STEP_ID=#{params.stepId, jdbcType=VARCHAR}),
		 #{params.stepId, jdbcType=VARCHAR},
		SYSDATE,
		#{params.dataSource, jdbcType=VARCHAR},
	    #{params.instanceToBeCovered, jdbcType=VARCHAR},
		#{params.environmentToDeploy,jdbcType=VARCHAR},
	    #{params.deploymentStatus, jdbcType=VARCHAR},
	    #{params.exceptions, jdbcType=NUMERIC}
		)
	</insert>
	<update id="updateSitIterationRequest"
		parameterType="map">
		update EDMP_ING_DEPLOY_ITERATIONS set
		DEPLOYMENT_STATUS= #{params.deploymentStatus, jdbcType=VARCHAR},
		EXCEPTIONS=#{params.exceptions, jdbcType=NUMERIC}
		where REQ_ID=#{params.reqId, jdbcType=NUMERIC} AND STEP_ID=#{params.stepId, jdbcType=VARCHAR}  AND RELEASE_ID=#{params.releaseId, jdbcType=NUMERIC} 
	</update>
	
	<resultMap type="com.scb.selfservice.domains.IngestionExceptions" id="IngestionExceptions">
		<id property="reqId" column="REQ_ID"/>
		<result property="releaseId" column="RELEASE_ID"/>
		<result property="stepId" column="STEP_ID"/>
		<result property="environment" column="ENVIRONMENT"/>
		<result property="exceptionNum" column="EXCEPTION_NUM"/>
		<result property="exceptionDetails" column="EXCEPTION_DETAILS"/>
		<result property="iterationNum" column="ITERATION_NUM"/>
	</resultMap>
	
	
	<select id="exceptionsfindByReqId" resultMap="IngestionExceptions">
		SELECT
		REQ_ID,RELEASE_ID,STEP_ID,ENVIRONMENT,EXCEPTION_NUM,EXCEPTION_DETAILS,ITERATION_NUM FROM EDMP_ING_EXCEPTIONS
		 WHERE REQ_ID = #{reqId,jdbcType=NUMERIC} AND STEP_ID=#{stepId, jdbcType=VARCHAR}
	</select>
	
	<insert id="saveExceptionDetails"
		parameterType="map">
		insert into EDMP_ING_EXCEPTIONS (
		REQ_ID,RELEASE_ID,STEP_ID,ENVIRONMENT,EXCEPTION_NUM,EXCEPTION_DETAILS,ITERATION_NUM
		) values (
		#{params.reqId, jdbcType=NUMERIC},
		#{params.releaseId, jdbcType=NUMERIC},
		#{params.stepId, jdbcType=VARCHAR},
	    #{params.environment, jdbcType=VARCHAR},
		#{params.exceptionNum, jdbcType=NUMERIC},
	    #{params.exceptionDetails, jdbcType=VARCHAR},
	    #{params.iterationNum, jdbcType=NUMERIC}
	    
	    )
	</insert>
<resultMap type="com.scb.selfservice.domains.IngestionTestForms" id="IngestionTestForms">
		<id property="reqId" column="REQ_ID"/>
		<result property="deploymentType" column="DEPLOYMENT_TYPE"/>
		<result property="instanceToBeCovered" column="INSTANCE_TO_BE_COVERED"/>
		<result property="validationStartDate" column="VALIDATION_START_DATE"/>
		<result property="validationEndDate" column="VALIDATION_END_DATE"/>
		<result property="casesToBeTriggered" column="CASES_TO_BE_TRIGGERED"/>
		<result property="tablesToBeCovered" column="TABLES_TO_BE_COVERED"/>
		<result property="dataSource" column="DATA_SOURCE"/>
		<result property="day0LoadedSuccessfully" column="DAY0_LOADED_SUCCESSFULLY"/>
		<result property="day0Date" column="DAY0_DATE"/>
		<result property="noOfDaysDataLoaded" column="NO_OF_DAYS_DATA_LOADED"/>
		<result property="dataLoadingType" column="DATA_LOADING_TYPE"/>
		<result property="remarks" column="REMARKS"/>
		<result property="userAction" column="USER_ACTION"/>
		<result property="stepId" column="STEP_ID"/>
		<result property="workflowId" column="WORKFLOW_ID"/>
		<result property="requestCreatedBy" column="REQUEST_CREATED_BY"/>
		<result property="requestCreatedAt" column="REQUEST_CREATED_AT"/>
	</resultMap>
	
	<select id="sitVerffindByReqId" resultMap="IngestionTestForms">
		SELECT
		REQ_ID,DEPLOYMENT_TYPE,INSTANCE_TO_BE_COVERED,VALIDATION_START_DATE,VALIDATION_END_DATE,CASES_TO_BE_TRIGGERED,TABLES_TO_BE_COVERED,DATA_SOURCE,
		DAY0_LOADED_SUCCESSFULLY,DAY0_DATE,NO_OF_DAYS_DATA_LOADED,DATA_LOADING_TYPE,REMARKS,USER_ACTION,STEP_ID,WORKFLOW_ID,REQUEST_CREATED_BY,
		REQUEST_CREATED_AT FROM EDMP_ING_TEST_FORMS
		 WHERE REQ_ID = #{reqId,jdbcType=NUMERIC} AND STEP_ID=#{stepId, jdbcType=VARCHAR}
	</select>
	
	<insert id="saveSitVerfReq"
		parameterType="map">
		insert into EDMP_ING_TEST_FORMS (
		REQ_ID,DEPLOYMENT_TYPE,INSTANCE_TO_BE_COVERED,VALIDATION_START_DATE,VALIDATION_END_DATE,CASES_TO_BE_TRIGGERED,TABLES_TO_BE_COVERED,DATA_SOURCE,DAY0_LOADED_SUCCESSFULLY,DAY0_DATE,NO_OF_DAYS_DATA_LOADED,DATA_LOADING_TYPE,REMARKS,USER_ACTION,STEP_ID,WORKFLOW_ID,REQUEST_CREATED_BY,REQUEST_CREATED_AT
		) values (
		#{params.reqId, jdbcType=NUMERIC},
		#{params.deploymentType,jdbcType=VARCHAR},
		#{params.instanceToBeCovered, jdbcType=VARCHAR},
		NVL(to_date(#{params.validationStartDate, jdbcType=DATE},'DD-MM-YYYY'),NULL),
		NVL(to_date(#{params.validationEndDate, jdbcType=DATE},'DD-MM-YYYY'),NULL),
		#{params.casesToBeTriggered,jdbcType=VARCHAR},
		#{params.tablesToBeCovered,jdbcType=VARCHAR},
		#{params.dataSource, jdbcType=VARCHAR},
		#{params.day0LoadedSuccessfully, jdbcType=NUMERIC},
		NVL(to_date(#{params.day0Date, jdbcType=DATE},'DD-MM-YYYY'),NULL),
		#{params.noOfDaysDataLoaded,jdbcType=NUMERIC},
		#{params.dataLoadingType, jdbcType=VARCHAR},
		#{params.remarks, jdbcType=VARCHAR},
	    #{params.userAction, jdbcType=VARCHAR},
	    #{params.stepId, jdbcType=VARCHAR},
	    #{params.workflowId, jdbcType=NUMERIC},
	    #{params.requestCreatedBy, jdbcType=NUMERIC},
	    CURRENT_TIMESTAMP
		)
	</insert>
	<update id="updateSitVerfReq"
		parameterType="map">
		update EDMP_ING_TEST_FORMS set
		DEPLOYMENT_TYPE=#{params.deploymentType, jdbcType=VARCHAR},
		INSTANCE_TO_BE_COVERED=#{params.instanceToBeCovered, jdbcType=VARCHAR},
		VALIDATION_START_DATE=NVL(to_date(#{params.validationStartDate, jdbcType=DATE},'DD-MM-YYYY'),NULL),
		VALIDATION_END_DATE=NVL(to_date(#{params.validationEndDate, jdbcType=DATE},'DD-MM-YYYY'),NULL),
		CASES_TO_BE_TRIGGERED=#{params.casesToBeTriggered,jdbcType=VARCHAR},
		TABLES_TO_BE_COVERED=#{params.tablesToBeCovered,jdbcType=VARCHAR},
		DATA_SOURCE=#{params.dataSource, jdbcType=VARCHAR},
		DAY0_LOADED_SUCCESSFULLY=#{params.day0LoadedSuccessfully, jdbcType=NUMERIC},
		DAY0_DATE=NVL(to_date(#{params.day0Date, jdbcType=DATE},'DD-MM-YYYY'),NULL),
		NO_OF_DAYS_DATA_LOADED=#{params.noOfDaysDataLoaded,jdbcType=NUMERIC},
		DATA_LOADING_TYPE=#{params.dataLoadingType, jdbcType=VARCHAR},
		REMARKS=#{params.remarks, jdbcType=VARCHAR},
		USER_ACTION=#{params.userAction, jdbcType=VARCHAR},
		STEP_ID=#{params.stepId, jdbcType=VARCHAR},
		WORKFLOW_ID=#{params.workflowId, jdbcType=NUMERIC},
		REQUEST_CREATED_BY=#{params.requestCreatedBy, jdbcType=NUMERIC},
		REQUEST_CREATED_AT=CURRENT_TIMESTAMP
		where REQ_ID=#{params.reqId, jdbcType=NUMERIC} AND STEP_ID=#{params.stepId, jdbcType=VARCHAR}
	</update>	
	<resultMap type="com.scb.selfservice.domains.IngestionTestIterations" id="IngestionTestIterations">
		<id property="reqId" column="REQ_ID"/>
		<result property="iterationNum" column="ITERATION_NUM"/>
		<result property="stepId" column="STEP_ID"/>
		<result property="validationStartDate" column="VALIDATION_START_DATE"/>
		<result property="validationEndDate" column="VALIDATION_END_DATE"/>
		<result property="dataSource" column="DATA_SOURCE"/>
		<result property="instanceToBeCovered" column="INSTANCE_TO_BE_COVERED"/>
		<result property="totalIssues" column="TOTAL_ISSUES"/>
		<result property="executionStatus" column="EXECUTION_STATUS"/>
		<result property="exceptions" column="EXCEPTIONS"/>
	</resultMap>
	
	
	<select id="verficationfindByReqId" resultMap="IngestionTestIterations">
		SELECT
		REQ_ID,STEP_ID,ITERATION_NUM,VALIDATION_START_DATE,VALIDATION_END_DATE,DATA_SOURCE,INSTANCE_TO_BE_COVERED,TOTAL_ISSUES,EXECUTION_STATUS,EXCEPTIONS FROM EDMP_ING_TEST_ITERATIONS
		 WHERE REQ_ID = #{reqId,jdbcType=NUMERIC} AND STEP_ID=#{stepId, jdbcType=VARCHAR} ORDER BY ITERATION_NUM
	</select>
	
	<insert id="saveSitVerfIterationReq"
		parameterType="map">
		insert into EDMP_ING_TEST_ITERATIONS (
		REQ_ID,STEP_ID,ITERATION_NUM,VALIDATION_START_DATE,VALIDATION_END_DATE,DATA_SOURCE,INSTANCE_TO_BE_COVERED,TOTAL_ISSUES,EXECUTION_STATUS,EXCEPTIONS
		) values (
		#{params.reqId, jdbcType=NUMERIC},
		#{params.stepId, jdbcType=VARCHAR},
		(select NVL(count(*),0)+1 from EDMP_ING_TEST_ITERATIONS where req_id = #{params.reqId, jdbcType=NUMERIC} AND STEP_ID=#{params.stepId, jdbcType=VARCHAR}),
		NVL(to_date(#{params.validationStartDate, jdbcType=DATE},'DD-MM-YYYY'),NULL),
		NVL(to_date(#{params.validationEndDate, jdbcType=DATE},'DD-MM-YYYY'),NULL),
		#{params.dataSource, jdbcType=VARCHAR},
	    #{params.instanceToBeCovered, jdbcType=VARCHAR},
		#{params.totalIssues,jdbcType=NUMERIC},
	    #{params.executionStatus, jdbcType=VARCHAR},
	    #{params.exceptions, jdbcType=NUMERIC}
		)
	</insert>
	<update id="updateSitVerifIterReq"
		parameterType="map">
		update EDMP_ING_TEST_ITERATIONS set
		EXECUTION_STATUS= #{params.executionStatus, jdbcType=VARCHAR},
		TOTAL_ISSUES=#{params.totalIssues,jdbcType=NUMERIC},
		EXCEPTIONS=#{params.exceptions, jdbcType=NUMERIC}
		where REQ_ID=#{params.reqId, jdbcType=NUMERIC} AND STEP_ID=#{params.stepId, jdbcType=VARCHAR} AND ITERATION_NUM=#{params.iterationNum, jdbcType=NUMERIC}
	</update>
	
	<resultMap type="com.scb.selfservice.domains.BizAnylstResponse" id="BizAnylstResponse">
		<id property="reqId" column="REQ_ID"/>
		<result property="fileName" column="FILE_NAME"/>
		<result property="remarks" column="REMARKS"/>
		<result property="stepId" column="STEP_ID"/>
		<result property="userAction" column="USER_ACTION"/>
		<result property="workflowId" column="WORKFLOW_ID"/>
		<result property="requestCreatedBy" column="REQUEST_CREATED_BY"/>
		<result property="requestCreatedAt" column="REQUEST_CREATED_AT"/>
	</resultMap>
	
	<select id="bAfindByReqId" resultMap="BizAnylstResponse">
		SELECT
		REQ_ID,FILE_NAME,REMARKS,STEP_ID,USER_ACTION,WORKFLOW_ID,REQUEST_CREATED_BY,
		REQUEST_CREATED_AT FROM EDMP_ING_BA
		 WHERE REQ_ID = #{reqId,jdbcType=NUMERIC}
	</select>
	
	<insert id="saveBaRequest"
		parameterType="map">
		insert into EDMP_ING_BA (
		REQ_ID,FILE_NAME,REMARKS,STEP_ID,USER_ACTION,WORKFLOW_ID,REQUEST_CREATED_BY,REQUEST_CREATED_AT
		) values (
		#{params.reqId, jdbcType=NUMERIC},
		#{params.fileName,jdbcType=VARCHAR},
		#{params.remarks, jdbcType=VARCHAR},
		#{params.stepId, jdbcType=VARCHAR},
	    #{params.userAction, jdbcType=VARCHAR},
	    #{params.workflowId, jdbcType=NUMERIC},
	    #{params.requestCreatedBy, jdbcType=NUMERIC},
	    CURRENT_TIMESTAMP
		)
	</insert>
	<update id="updateBaRequest"
		parameterType="map">
		update EDMP_ING_BA set
		FILE_NAME=#{params.fileName, jdbcType=VARCHAR},
		REMARKS=#{params.remarks, jdbcType=VARCHAR},
		STEP_ID=#{params.stepId, jdbcType=VARCHAR},
		USER_ACTION=#{params.userAction, jdbcType=VARCHAR},
		WORKFLOW_ID=#{params.workflowId, jdbcType=NUMERIC},
		REQUEST_CREATED_BY=#{params.requestCreatedBy, jdbcType=NUMERIC},
		REQUEST_CREATED_AT=CURRENT_TIMESTAMP
		where REQ_ID=#{params.reqId, jdbcType=NUMERIC}
	</update>	
</mapper>