<?xml version="1.0" encoding="UTF-8"?>

<!DOCTYPE mapper
    PUBLIC "-//mybatis.org//DTD Mapper 3.0//EN"
    "http://mybatis.org/dtd/mybatis-3-mapper.dtd">

<mapper
	namespace="com.scb.selfservice.dao.mapper.ingestion.ISDSummaryMapper">
<resultMap
		type="com.scb.selfservice.isd.entity.ISDSummaryResponse"
		id="ISDSummaryResult">
		<id property="reqId" column="req_id" />
		<result property="systemName" column="source_system_name" />
		<result property="country" column="country" />
		<result property="countRow" column="count_row" />
	</resultMap>

	<select id="getNoExistingDatasets" resultType="java.lang.String"
		parameterType="java.util.List">
		
		select country|| '_'|| count(*) as count_row from (select
        itam_id,source_system_name,country,Table_Name from
        source_table_layout
        where
        itam_id =#{itamId,jdbcType=NUMERIC} and source_system_name=#{systemName,jdbcType=VARCHAR} and req_id=#{reqId,jdbcType=NUMERIC}
        intersect
        select itam_id,source_system_name,country,Table_Name from edmp_isd_tab_metadata where
        itam_id =#{itamId,jdbcType=NUMERIC} and source_system_name=#{systemName,jdbcType=VARCHAR})
        group by
        country

	</select>

	<select id="getNoNewDatasets" resultType="java.lang.String"
		parameterType="java.util.List">
		select country|| '_'|| count(*) as count_row from (select
        itam_id,source_system_name,country,Table_Name from
        source_table_layout
        where
        itam_id =#{itamId,jdbcType=NUMERIC} and source_system_name=#{systemName,jdbcType=VARCHAR} and req_id=#{reqId,jdbcType=NUMERIC}
        minus
        select itam_id,source_system_name,country,Table_Name from edmp_isd_tab_metadata where
        itam_id =#{itamId,jdbcType=NUMERIC} and source_system_name=#{systemName,jdbcType=VARCHAR})
        group by
        country


	</select>

	<select id="getNoExistingAttributes"
		resultType="java.lang.String" parameterType="java.util.List">

        select country|| '_'|| count(*) as count_row from(
        select st.itam_id, st.source_system_name , st.country as country, sflt.tablename , columnname as columnname
        from
        SOURCE_FIELD_LAYOUT_TARGETMAP sflt , source_table_layout st
        where
        sflt.req_id = st.req_id and sflt.tablename = st.table_name and sflt.country = st.country and
        st.req_id=#{reqId,jdbcType=NUMERIC} and st.source_system_name=#{systemName, jdbcType=VARCHAR} and itam_id =#{itamId,jdbcType=NUMERIC}
        intersect
        select eatm.itam_id,eatm.source_system_name,eatm.country,eatm.table_name, vetc.columnname
        from
        edmp_isd_tab_metadata eatm, edmp_isd_tab_cols_metadata vetc
        where
        eatm.country=vetc.country and Table_name=vetc.tablename and eatm.source_system_name=#{systemName, jdbcType=VARCHAR}
        and eatm.itam_id =#{itamId,jdbcType=NUMERIC} )
        group by  country

	</select>

	<select id="getNoNewAttributes" resultType="java.lang.String"
		parameterType="java.util.List">
		
		select country|| '_'|| count(*) as count_row from(
        select st.itam_id, st.source_system_name , st.country as country, sflt.tablename , columnname as columnname
        from
        SOURCE_FIELD_LAYOUT_TARGETMAP sflt , source_table_layout st
        where
        sflt.req_id = st.req_id and sflt.tablename = st.table_name and sflt.country = st.country and
        st.req_id=#{reqId,jdbcType=NUMERIC} and st.source_system_name=#{systemName, jdbcType=VARCHAR} and itam_id =#{itamId,jdbcType=NUMERIC}
        minus
        select eatm.itam_id,eatm.source_system_name,eatm.country,eatm.table_name, vetc.columnname
        from
        edmp_isd_tab_metadata eatm, edmp_isd_tab_cols_metadata vetc
        where
        eatm.country=vetc.country and Table_name=vetc.tablename and eatm.source_system_name=#{systemName, jdbcType=VARCHAR}
        and eatm.itam_id =#{itamId,jdbcType=NUMERIC} )
        group by  country
        
	</select>
	<select id="getItamId" resultType="int">
	select itam_number  from EDMP_INJESTION_REQUEST where req_id=#{reqId,jdbcType=NUMERIC}
	</select>
	
	<select id="getTableNamesByReqId" resultType="java.lang.String"
		parameterType="java.util.List">
		Select distinct targettablename
		from source_field_layout_targetmap where 
		targettablename is not null and REQ_ID=#{reqId,jdbcType=NUMERIC}
	</select>
	

</mapper>