<?xml version="1.0" encoding="UTF-8" ?>
<!DOCTYPE mapper
    PUBLIC "-//mybatis.org//DTD Mapper 3.0//EN"
    "http://mybatis.org/dtd/mybatis-3-mapper.dtd">

<mapper
 namespace="com.scb.selfservice.dao.mapper.isd.IsdServiceMapper">


	
<insert id="saveISDSheet" parameterType="com.scb.selfservice.isd.entity.ISDRequestDetails" >
		INSERT INTO ISD_FILESTORE(req_id, version_no, systems, countries, files)
		VALUES (#{isdInputs.reqId, jdbcType=NUMERIC}, (select NVL(count(*),0)+1 from ISD_FILESTORE where req_id = #{isdInputs.reqId, jdbcType=VARCHAR}), 
		 #{isdInputs.system, jdbcType=VARCHAR}, #{isdInputs.country, jdbcType=VARCHAR}, #{file})
		 
		<!--  INSERT INTO ISD_FILESTORE(req_id, version_no, systems, countries, files)
		VALUES (#{isdInputs.reqId, jdbcType=VARCHAR}, (select NVL(count(*),0)+1 from ISD_FILESTORE where req_id = #{redId}), 
		 #{isdInputs.system, jdbcType=VARCHAR}, #{isdInputs.country, jdbcType=VARCHAR}, #{file}) -->	 
		 		
		</insert>
		
<resultMap type="com.scb.selfservice.isd.entity.ViewExceptions" id="isdExceptions">
		<result property="issueCategory" column="ISSUE_CATEGORY" />
		<result property="tablesImpacted" column="TABLES_IMPACTED" />
		<result property="columnsImpacted" column="COLUMNS_IMPACTED" />
	</resultMap>
   <select id="fetchIsdExceptions" resultMap="isdExceptions">
		select ISSUE_CATEGORY, TABLES_IMPACTED, COLUMNS_IMPACTED from ISD_EXCEPTIONS where REQ_ID = #{reqId} and version_no=#{versionNo,jdbcType=NUMERIC}
   </select>
   
   <delete id="deleteLastExceptions">
		delete from isd_exceptions where req_id= #{reqId}
	</delete>
	
	<delete id="deleteLastISDTemplate">
	delete from ${sheetDBTableName} where REQ_ID = #{reqId}
	</delete>
	 <select id="fetchIsdLatestVersion" resultType="int">
		select max(version_no) from isd_filestore where REQ_ID = #{reqId,jdbcType=NUMERIC}
   </select>
   
   <resultMap type="com.scb.selfservice.isd.entity.ExceptionCategory" id="exceptionDetails">
		<result property="issueCategory" column="ISSUE_CATEGORY" />
		<result property="tablesImpacted" column="TABLES_IMPACTED" />
		<result property="columnsImpacted" column="COLUMNS_IMPACTED" />
		<result property="description" column="DESCRIPTION" />
	</resultMap>
   <select id="fetchdetailedException" resultMap="exceptionDetails">
		select ISSUE_CATEGORY, TABLES_IMPACTED, COLUMNS_IMPACTED, DESCRIPTION from ISD_EXCEPTIONS where REQ_ID = #{reqId} and version_no=#{versionNo,jdbcType=NUMERIC}
   </select>
   
   <resultMap id="configMap" type="map">
        <result column="configKey" property="configValue"/>
   </resultMap>
   
   <resultMap type="com.scb.selfservice.isd.entity.ISDConfiguration" id="isdConfig">
		<result property="sheetName" column="sheetName" />
		<result property="configKey" column="configKey" />
		<result property="configValue" column="configValue" />
	</resultMap>
	
	
	   <select id="getIsdConfigDetails" resultMap="isdConfig">
		select sheetName, configKey, configValue from ISD_Configuration
   </select>
   
   <update id="updateFileName">
   update ${tableName} set FILE_NAME = #{fileName} where REQ_ID = #{reqId}
   </update>
   
    <insert id="insertFileName">
   insert into ${tableName} (req_id, FILE_NAME, step_id) values (#{reqId}, #{fileName}, #{stepId}) 
   </insert>
   
   
   <select id="getTabeNameForStepId" resultType = "string">
   select TABLE_NAME from WORKFLOW_RESP_TABLE_MAPPING where STEP_ID = #{stepId}
   </select>
	
		
</mapper>
