<?xml version="1.0" encoding="UTF-8" ?>
<!DOCTYPE mapper
    PUBLIC "-//mybatis.org//DTD Mapper 3.0//EN"
    "http://mybatis.org/dtd/mybatis-3-mapper.dtd">

<mapper namespace="com.scb.selfservice.dao.mapper.RequestDetailsMapper">
	
	<select id="getDatasetSubscribed" resultType="java.util.Map">
      <![CDATA[
   	  		SELECT DISTINCT B.APP_NAME, B.INSTANCE, LOWER(A.TABLE_NAME) AS TABLE_NAME
			FROM    EDMP_APP_TABS_METADATA A,
			        EDMP_CONSUMP_REQ_DETAILS B,
			        EDMP_APP_METADATA C
			WHERE B.REQ_ID = #{reqId}
			AND   C.APP_NAME = B.APP_NAME
			AND   C.ITAM_ID = A.ITAM_ID
			AND   B.TABLE_NAME = A.TABLE_NAME_T
			AND   B.INSTANCE = A.COUNTRY
			ORDER BY 1,2,3			   	  		
	  ]]>
   </select>
   
   <select id="getRequestDetails" resultType="java.util.Map">
   		<![CDATA[ 
   			SELECT A.REQ_ID, REQ_SUMMARY, DESCRIPTION, CONSUMER_ITAM, CONSUMER_APP_NAME, DELIVERY_MANAGER_PSID, TECHNOLOGY_CONTACT,
			       CONSUMER_BUSINESS_OWNER, FREQUENCY,
			       (SELECT DESCRIPTION FROM LOOKUP_TABLE WHERE ID ='102' AND CODE = A.FREQUENCY) AS FREQ_DESCRIPTION, 
			       IS_RELATED_EXIST_REQ, EXISTING_REQ, DECODE (A.IS_RELATED_EXIST_REQ, 0, C.GRP_NAME, AD_ROLE_NAME) AS AD_GRP_NAME, B.STEP_ACTIONED_BY SRE_USER,
			       A.TARGET_DATE, JIRA_KEY
			FROM   EDMP_CONSUMPTION_REQUEST A,
			       (SELECT REQ_ID, STEP_ACTIONED_BY FROM WORKFLOW_REQUEST_STEPS
			        WHERE REQ_ID = #{reqId}
			        AND   STEP_PENDING_GRP ='SRE'
			        AND   STATUS ='COMPLETED') b,
			       (SELECT DISTINCT A1.REQ_ID, LOWER(PROPERTY_VALUE) AS GRP_NAME FROM EDMP_CONSUMP_REQ_USER_RESP A1, WORKFLOW_REQUEST A2, WORKFLOW_PROCESS_STEPS A3
				    WHERE A1.REQ_ID = #{reqId}
			        AND   A1.REQ_ID = A2.REQ_ID
			        AND   A2.WORKFLOW_ID = A3.WORKFLOW_ID
			        AND   A3.STEP_ID = A1.STEP_ID
			        AND   A3.STEP_NAME ='Change Approver'
				    AND   PROPERTY_NAME like 'adRoleNam%') C
			WHERE  A.REQ_ID = #{reqId}
			AND    A.REQ_ID = B.REQ_ID(+)
			AND    A.REQ_ID = C.REQ_id(+)
   		]]>
   </select>
   
   <select id="getStepId" resultType="string">
   		SELECT STEP_ID
   		FROM   WORKFLOW_PROCESS_STEPS
   		WHERE  WORKFLOW_ID = #{workflowId}
   		AND    STEP_NAME = #{stepName}
   </select>
   
   <update id="updateJiraKey">
   		UPDATE EDMP_CONSUMPTION_REQUEST 
   		SET JIRA_KEY = #{jiraKey}
   		WHERE REQ_ID = #{reqId}
   </update>
   
   <select id="getParentUserTypeStep" resultType="java.util.Map">
   	  <![CDATA[
   	  	  SELECT c1.step_id, c1.step_name, c1.step_type, a1.step_actioned_by, a1.status
		  FROM   workflow_request_steps a, workflow_request_steps a1,
			       workflow_request b, workflow_process_steps c, workflow_process_steps c1
		  WHERE a.req_id = #{reqId}
		  AND   a.req_id = b.req_id
		  AND   b.workflow_id = c.workflow_id
		  AND   a.step_id = c.step_id
		  AND   a.step_id = #{stepId}
		  AND   c.workflow_id = c1.workflow_id
		  AND   c.parent_step_id = c1.step_id
		  AND   a1.req_id = a.req_id
		  AND   a1.step_id = c1.step_id
   	  ]]>
   </select>
   
   <select id="getStepUserResponse" resultType ="java.util.Map">
   		<![CDATA[
   			SELECT property_name, property_value 
			FROM   edmp_consump_req_user_resp
			WHERE  req_id = #{reqId}
			AND    step_id = #{stepId}
   		]]>
   </select>
   
   <select id="getReqActedUsers" resultType ="string">
   		<![CDATA[
   			SELECT DISTINCT STEP_ACTIONED_BY FROM workflow_request_steps
			WHERE REQ_ID = #{reqId}
			AND   STATUS ='COMPLETED'
   		]]>
   </select>
	<!-- Dummy method for Amar's changes -->
	<select id="getNextServiceTask" resultType ="java.util.Map">
   		<![CDATA[
   			SELECT property_name, property_value 
			FROM   edmp_consump_req_user_resp
			WHERE  req_id = #{reqId}
			AND    step_id = #{stepId}
   		]]>
   </select>
   
</mapper>
