<?xml version="1.0" encoding="UTF-8"?>

<!DOCTYPE mapper
    PUBLIC "-//mybatis.org//DTD Mapper 3.0//EN"
    "http://mybatis.org/dtd/mybatis-3-mapper.dtd">

<mapper
	namespace="com.scb.selfservice.dao.mapper.ingestion.SDMTechMapper">

	<select id="getSDMTableNameFromDb" resultType="java.lang.String"
		parameterType="java.util.List">
		select table_name from source_table_layout where
		req_id=#{reqId}
	</select>

	<!-- SDM HDFS table queries -->

	<resultMap
		type="com.scb.selfservice.domains.SDMTechConfigDto" id="sdmCofig">
		<id property="configId" column="config_id" />
		<result property="configCategory" column="config_category" />
		<result property="configName" column="config_name" />
		<result property="configLabel" column="config_label" />
		<result property="lookupKey" column="lookup_key" />
		<result property="configType" column="source_name" />
		<result property="defaultValue" column="default_value" />
	</resultMap>

	<select id="readConfigCategory" resultType="string">
		select distinct
		config_category from EDMP_SDM_CONFIG_MASTER
	</select>

	<insert id="saveSdmConfig"
		parameterType="com.scb.selfservice.domains.SDMTechResponse"
		keyProperty="reqId" keyColumn="req_id">
		INSERT ALL
		<foreach collection="sdmResList" item="step" index="index">
			into EDMP_SDM_REQ_DETAILS (REQ_ID,STEP_ID,ITAM_ID, USER_ACTION,
			CONFIG_CATEGORY,CONFIG_NAME,CONFIG_VALUE,createdby,created_date)
			values (
			#{step.reqId, jdbcType=NUMERIC},
			#{step.stepId, jdbcType=VARCHAR},
			#{step.itamId, jdbcType=NUMERIC},
			#{step.userAction,jdbcType=VARCHAR},
			#{step.configCategory,jdbcType=VARCHAR},
			#{step.configName,jdbcType=VARCHAR},
			#{step.configValue,jdbcType=VARCHAR},
			#{step.createdBy,jdbcType=VARCHAR},
			sysdate
			<!-- #{step.requestCreatedBy, jdbcType=NUMERIC}, -->
			)
		</foreach>
		SELECT * from DUAL
	</insert>
	<resultMap type="com.scb.selfservice.domains.SDMTechResponse"
		id="getSDmData">
		<id property="reqId" column="req_id" />
		<result property="stepId" column="step_id" />
		<result property="itamId" column="itam_id" />
		<result property="userAction" column="user_action" />
		<result property="configCategory" column="config_category" />
		<result property="configName" column="config_name" />
		<result property="configValue" column="config_value" />
		<result property="createdBy" column="createdBy" />

	</resultMap>

	<select id="getSDMConfig" resultMap="getSDmData">
		select REQ_ID,STEP_ID,ITAM_ID, USER_ACTION, CONFIG_CATEGORY,CONFIG_NAME,CONFIG_VALUE,createdby 
		 from EDMP_SDM_REQ_DETAILS where req_id=#{reqId,jdbcType=NUMERIC}	
		</select>	
		
		<insert id="insertIntoAuditTable" >		
        insert into edmp_sdm_req_details_audit select * from edmp_sdm_req_details where req_id=#{reqId,jdbcType=NUMERIC}
		</insert>
		
		<delete id= "deleteExistingrRecord" >
		delete from edmp_sdm_req_details where req_id=#{reqId,jdbcType=NUMERIC}
		</delete>
		
	<resultMap type="com.scb.selfservice.domains.ViewPipeline" id="ViewPipeline">
		<result property="slNo" column="CONFIG_ID"/>
		<result property="property" column="CONFIG_LABEL"/>
		<result property="value" column="DEFAULT_VALUE"/>
	</resultMap>
	
	<select id="findByRequestParam" resultMap="ViewPipeline">
		SELECT
		rownum as config_id,CONFIG_LABEL as config_label,DEFAULT_VALUE as DEFAULT_VALUE
		FROM EDMP_SDM_CONFIG_MASTER where config_category = 'parameters'
	</select>	
				
		
	<update id="updateIntoChkSumTable"
		 parameterType="com.scb.selfservice.domains.SDMTechGrid" keyProperty="reqId" keyColumn="req_id">
		<foreach collection="chkSumLogicList" item="step" index="index">
		update SOURCE_TABLE_LAYOUT set
		CKSUM_SOURCE_VALUE=#{step.checksumSourceValue, jdbcType=VARCHAR},
		CKSUM_TARGET_VALUE=#{step.checksumTargetValue, jdbcType=VARCHAR}
		where REQ_ID=#{reqId, jdbcType=NUMERIC} AND TABLE_NAME = #{step.checksumDatasetName, jdbcType=VARCHAR}
		</foreach>
	</update>
	
	<resultMap type="com.scb.selfservice.domains.SDMTechGrid" id="readReconGridValues">
		<result property="reconDatasetName" column="TABLE_NAME"/>
		<result property="reconSourceValue" column="RECON_SOURCE_VALUE"/>
		<result property="reconTargetValue" column="RECON_TARGET_VALUE"/>
	</resultMap>
	
	<select id="readReconGridValues" resultMap="readReconGridValues">
		SELECT DISTINCT
		TABLE_NAME,RECON_SOURCE_VALUE,RECON_TARGET_VALUE
		FROM SOURCE_TABLE_LAYOUT where REQ_ID=#{reqId, jdbcType=NUMERIC} AND RECON_SOURCE_VALUE IS NOT NULL
	</select>
	
	<update id="updateIntoSourceTable"
		parameterType="com.scb.selfservice.domains.SDMTechGrid" keyProperty="reqId" keyColumn="req_id">
			<foreach collection="reconLogicList" item="step" index="index">
		update SOURCE_TABLE_LAYOUT set
		RECON_SOURCE_VALUE=#{step.reconSourceValue, jdbcType=VARCHAR},
		RECON_TARGET_VALUE=#{step.reconTargetValue, jdbcType=VARCHAR}
		where REQ_ID=#{reqId, jdbcType=NUMERIC} AND TABLE_NAME = #{step.reconDatasetName, jdbcType=VARCHAR}
		</foreach>
	</update>
	
	
	<resultMap type="com.scb.selfservice.domains.SDMTechCkSumGrid" id="readCkSumGridValues">
		<result property="checksumDatasetName" column="TABLE_NAME"/>
		<result property="checksumSourceValue" column="CKSUM_SOURCE_VALUE"/>
		<result property="checksumTargetValue" column="CKSUM_TARGET_VALUE"/>
	</resultMap>
	
	<select id="readCkSumGridValues" resultMap="readCkSumGridValues">
		SELECT DISTINCT
		TABLE_NAME,CKSUM_SOURCE_VALUE,CKSUM_TARGET_VALUE
		FROM SOURCE_TABLE_LAYOUT where REQ_ID=#{reqId, jdbcType=NUMERIC} AND CKSUM_SOURCE_VALUE IS NOT NULL
	</select>
	
	<update id="updateIntoCkSum" parameterType="com.scb.selfservice.domains.SDMTechCkSumGrid" keyProperty="reqId" keyColumn="req_id">
		<foreach collection="chkSumLogicList" item="step" index="index">
		update SOURCE_TABLE_LAYOUT set
		CKSUM_SOURCE_VALUE=#{step.checksumSourceValue, jdbcType=VARCHAR},
		CKSUM_TARGET_VALUE=#{step.checksumTargetValue, jdbcType=VARCHAR}
		where REQ_ID=#{reqId, jdbcType=NUMERIC} AND TABLE_NAME = #{step.checksumDatasetName, jdbcType=VARCHAR}
		</foreach>
	</update>		
	
</mapper>