<?xml version="1.0" encoding="UTF-8" ?>
<!DOCTYPE mapper
    PUBLIC "-//mybatis.org//DTD Mapper 3.0//EN"
    "http://mybatis.org/dtd/mybatis-3-mapper.dtd">

<mapper namespace="com.scb.selfservice.dao.mapper.SearchMapper">

	<resultMap type="com.scb.selfservice.domains.SearchDataSource" id="SearchDataSource">
		<id property="itamId" column="itam_id" />
		<result property="appName" column="app_name" />
		<result property="businessSegment" column="business_segment" />
		<result property="supportedCountries" column="country" />
		<result property="hasPiiCols" column="has_pii_cols" />
		<result property="tableName" column="table_name_t" />
		<result property="noOfCols" column="no_of_cols" />
		<result property="certified" column="certified" />
		<result property="appDescription" column="app_description" />
		<result property="tableDescription" column="table_description" />
	</resultMap>
	<!-- SEARCH BASED ON DATASOURCE FROM THE DROPDOWN -->
	<select id="searchDataSource" resultMap="SearchDataSource">
		SELECT  itam_id, app_name, business_segment,country,has_pii_cols, table_name_t, no_of_cols, 
		certified, app_description, table_description
		 FROM  (	
				select distinct app.itam_id, app.app_name, app.business_segment, 
					listagg(tabs.country, ',') within group (order by tabs.country) as country,
		       		tabs.has_pii_cols, tabs.table_name_t, tabs.no_of_cols, tabs.certified
		       		,ROW_NUMBER() OVER (ORDER BY app.itam_id) AS rn, app.app_description, tabs.table_description
		      	from edmp_app_metadata app
		      	left join edmp_app_tabs_metadata tabs
		      			on app.itam_id = tabs.itam_id 
		      	where
		            app.app_name like upper('%'||#{dsSearchItem}||'%') or
		            app.app_description like upper('%'||#{dsSearchItem}||'%')
		      	group by app.itam_id, app.app_name, app.business_segment,
		             tabs.has_pii_cols, tabs.table_name_t, tabs.no_of_cols, tabs.certified,
		             app.app_description, tabs.table_description
	    ) WHERE  rn BETWEEN #{startNum} and #{endNum}         
   	</select>
	<!-- SEARCH BASED ON DATASET FROM THE DROPDOWN -->
	<select id="searchDataSet" resultMap="SearchDataSource">
		SELECT  itam_id, app_name, business_segment,country,has_pii_cols, table_name_t, no_of_cols, 
		certified, app_description, table_description FROM  (
			select distinct app.itam_id, app.app_name, app.business_segment, 
				listagg(tabs.country, ',') within group (order by tabs.country) as country,
	       		tabs.has_pii_cols, tabs.table_name_t, tabs.no_of_cols, tabs.certified
	      		,ROW_NUMBER() OVER (ORDER BY app.itam_id) AS rn, app.app_description, tabs.table_description
	      	from edmp_app_tabs_metadata tabs
	      	right join edmp_app_metadata app
	        	on app.itam_id = tabs.itam_id 
	      	where
	        	tabs.table_name_t like upper('%'||#{searchDataSet}||'%') or
	        	upper(tabs.table_description) like upper('%'||#{searchDataSet}||'%')
	    	group by app.itam_id, app.app_name, app.business_segment,
	             tabs.has_pii_cols, tabs.table_name_t, tabs.no_of_cols, tabs.certified,
	             app.app_description, tabs.table_description
	    ) WHERE  rn BETWEEN #{startNum} and #{endNum}         
   	</select>
	<!-- SEARCH BASED ON ATTRIBUTE FROM THE DROPDOWN -->
	<!-- THE FOLLOWING SQL NEEDS TO CHANGED TO SUPPORT 'ATTRIBUTE' BASED SEARCH/SELECT -->
	<select id="searchAttribute" resultMap="SearchDataSource">
		SELECT  itam_id, app_name, business_segment,country,has_pii_cols, table_name_t, no_of_cols,
		certified, app_description, table_description FROM  (
			select distinct app.itam_id, app.app_name, app.business_segment, 
				listagg(tabs.country, ',') within group (order by tabs.country) as country,
	       		tabs.has_pii_cols, tabs.table_name_t, tabs.no_of_cols, tabs.certified
	       		,ROW_NUMBER() OVER (ORDER BY app.itam_id) AS rn, app.app_description, tabs.table_description
	       	from vw_edmp_tabs_cols cols
	      	right join edmp_app_tabs_metadata tabs
	        	on tabs.itam_id = cols.itam_id and cols.table_name = tabs.table_name_t
	      	right join edmp_app_metadata app
	        	on cols.itam_id = app.itam_id 
	      	where
	        	cols.COLUMN_NAME like upper('%'||#{searchAttribute}||'%') or
	        	upper(cols.COLUMN_DESCRIPTION) like upper('%'||#{searchAttribute}||'%') or
	        	upper(cols.BUSINESS_TERM) like upper('%'||#{searchAttribute}||'%') or
	        	upper(cols.BUSINESS_DESCRIPTION) like upper('%'||#{searchAttribute}||'%')
	    	group by app.itam_id, app.app_name, app.business_segment,
	             tabs.has_pii_cols, tabs.table_name_t, tabs.no_of_cols, tabs.certified,
	             app.app_description, tabs.table_description
        ) WHERE  rn BETWEEN #{startNum} and #{endNum}     
   </select>
   
   <select id="searchApplyFilter" resultMap="SearchDataSource">
	   SELECT  itam_id, app_name, business_segment,country,has_pii_cols, table_name_t, no_of_cols, 
	   certified, app_description, table_description FROM  (
			select distinct app.itam_id, app.app_name, app.business_segment, 
				listagg(tabs.country, ',') within group (order by tabs.country) as country,
	       		tabs.has_pii_cols, tabs.table_name_t, tabs.no_of_cols, tabs.certified
	       		,ROW_NUMBER() OVER (ORDER BY app.itam_id) AS rn, app.app_description, tabs.table_description
	      	from edmp_app_metadata app
	      	left join edmp_app_tabs_metadata tabs
	      		on app.itam_id = tabs.itam_id
	      	where ${whereClause}  
	      	group by app.itam_id, app.app_name, app.business_segment,
	             tabs.has_pii_cols, tabs.table_name_t, tabs.no_of_cols, tabs.certified,
	             app.app_description, tabs.table_description
	   ) WHERE  rn BETWEEN #{startNum} and #{endNum}         
   </select>	


</mapper>