<?xml version="1.0" encoding="UTF-8" ?>
<!DOCTYPE mapper
    PUBLIC "-//mybatis.org//DTD Mapper 3.0//EN"
    "http://mybatis.org/dtd/mybatis-3-mapper.dtd">

<mapper
	namespace="com.scb.selfservice.dao.mapper.ViewPipelineMapper">

	<resultMap type="com.scb.selfservice.domains.Pipelineview"
		id="Pipelineview">
		<id property="reqId" column="REQ_ID" />
		<result property="sourceName" column="SOURCE_NAME" />
		<result property="instanceName" column="INSTANCE_NAME" />
		<!-- <result property="yearsOfHistoryIsReq" column="YEARS_OF_HISTORY_IS_REQ"/> 
			<result property="approxHistoryDataSize" column="APPROX_HISTORY_DATA_SIZE"/> 
			<result property="historyStorageType" column="HISTORY_STORAGE_TYPE"/> <result 
			property="frequency" column="FREQUENCY"/> <result property="approxIncrementalDataSize" 
			column="APPROX_INCREMENTAL_DATA_SIZE"/> <result property="incrementalStorageType" 
			column="INCREMENTAL_STORAGE_TYPE"/> -->
		<result property="expectedDeliveryDate"
			column="EXPECTED_DELIVERY_DATE" />
		<result property="expectedNoOfFiles"
			column="EXPECTED_NO_OF_FILES" />
		<result property="expectedNoOfAttributes"
			column="EXPECTED_NO_OF_ATTRIBUTES" />
		<!-- <result property="priority" column="PRIORITY"/> -->
		<result property="itamNumber" column="ITAM_NUMBER" />
		<result property="projectName" column="PROJECT_NAME" />
		<result property="businessStream" column="BUSINESS_STREAM" />
		<result property="fundingAvenue" column="FUNDING_AVENUE" />
		<result property="benefitCatagory" column="BENEFIT_CATEGORY" />
		<result property="benefitDetails" column="BENEFIT_DETAILS" />
		<result property="requestSummary" column="REQUEST_SUMMARY" />
		<!-- <result property="requestCreatedBy" column="REQUEST_CREATED_BY"/> 
			<result property="requestCreatedAt" column="REQUEST_CREATED_AT"/> <result 
			property="requestModifiedAt" column="REQUEST_MODIFIED_AT"/> <result property="requestModifiedBy" 
			column="REQUEST_MODIFIED_BY"/> -->
		<result property="sourceType" column="SOURCE_TYPE" />
		<!-- <result property="estimationId" column="ESTIMATION_ID"/> -->
	</resultMap>

	<select id="findByRequestId" resultMap="Pipelineview">
		SELECT
		eir.REQ_ID,ITAM_NUMBER,SOURCE_NAME,INSTANCE_NAME,PROJECT_NAME,BUSINESS_STREAM,
		TO_CHAR(EXPECTED_DELIVERY_DATE,'DD-MM-YYYY') as EXPECTED_DELIVERY_DATE,
		EXPECTED_NO_OF_FILES,EXPECTED_NO_OF_ATTRIBUTES,
		FUNDING_AVENUE,BENEFIT_CATEGORY,BENEFIT_DETAILS,REQUEST_SUMMARY,SOURCE_TYPE
		FROM EDMP_INJESTION_REQUEST eir,edmp_selfservice_req esr where
		eir.req_id=esr.req_id
		and esr.status='SUBMITTED' ORDER BY eir.REQ_ID DESC
	</select>


</mapper>
