<?xml version="1.0" encoding="UTF-8" ?>
<!DOCTYPE mapper
    PUBLIC "-//mybatis.org//DTD Mapper 3.0//EN"
    "http://mybatis.org/dtd/mybatis-3-mapper.dtd">

<mapper namespace="com.scb.selfservice.dao.mapper.WorkflowRespTableMapper">

	<resultMap type="com.scb.selfservice.domains.WorkflowRespTableMapping" id="WorkflowProcess">
		<id property="workflowId" column="WORKFLOW_ID" />
		<result property="stepId" column="STEP_ID" />
		<result property="stepType" column="STEP_TYPE" />
		<result property="tableName" column="TABLE_NAME" />
		<result property="stepClassName" column="STEP_CLASS_NAME" />
	</resultMap>
   <select id="findByStepId" resultMap="WorkflowProcess">
		select workflow_id, step_id, step_type, table_name, step_class_name from workflow_resp_table_mapping 
		where workflow_id = #{workflowId} AND step_id = #{stepId}
   </select>  
   
   	
</mapper>  
  