<?xml version="1.0" encoding="UTF-8" ?>
<!DOCTYPE mapper
    PUBLIC "-//mybatis.org//DTD Mapper 3.0//EN"
    "http://mybatis.org/dtd/mybatis-3-mapper.dtd">

<mapper namespace="com.scb.selfservice.dao.mapper.WorkflowMapper">

	<resultMap type="com.scb.selfservice.domains.WorkflowProcess"
		id="WorkflowProcess">
		<id property="workflowId" column="workflow_id" />
		<result property="processName" column="process_name" />
		<result property="status" column="status" />
		<result property="version" column="version" />
	</resultMap>
	<select id="getWorkflowProcessDetails"
		resultMap="WorkflowProcess">
		select workflow_id, process_name, status, version from
		workflow_process
	</select>
	<select id="getWorkflowProcessDetailById"
		resultMap="WorkflowProcess">
		select workflow_id, process_name, status, version from
		workflow_process where workflow_id = #{workflowId}
	</select>

	<resultMap
		type="com.scb.selfservice.domains.WorkflowProcessSteps"
		id="WorkflowProcessSteps">
		<id property="workflowId" column="WORKFLOW_ID" />
		<result property="stepId" column="STEP_ID" />
		<result property="stepName" column="STEP_NAME" />
		<result property="stepSeq" column="STEP_SEQ" />
		<result property="stepType" column="STEP_TYPE" />
		<result property="stepUserGroup" column="STEP_USER_GROUP" />
		<result property="rejectStepId" column="REJECT_STEP_ID" />
		<result property="serviceStepClass" column="SERVICE_STEP_CLASS" />
		<result property="parentStepId" column="PARENT_STEP_ID" />
		<result property="nextStepId" column="NEXT_STEP_ID" />
		<result property="status" column="STATUS" />
		<result property="createdBy" column="CREATED_BY" />
		<result property="modifiedBy" column="MODIFIED_BY" />
	</resultMap>
	<select id="getWorkflowProcessSteps"
		resultMap="WorkflowProcessSteps">
		select WORKFLOW_ID, STEP_ID, STEP_NAME, STEP_SEQ, STEP_TYPE,
		STEP_USER_GROUP, REJECT_STEP_ID, SERVICE_STEP_CLASS,
		PARENT_STEP_ID, NEXT_STEP_ID, STATUS, CREATED_BY, MODIFIED_BY from
		workflow_process_steps where WORKFLOW_ID = #{workflowId}
		and status='ACTIVE'
		order by step_seq
	</select>

	<select id="getRejectStepId" resultMap="WorkflowProcessSteps">
		select WORKFLOW_ID,
		STEP_ID, STEP_NAME, STEP_SEQ, STEP_TYPE, STEP_USER_GROUP,
		REJECT_STEP_ID, SERVICE_STEP_CLASS,
		PARENT_STEP_ID, NEXT_STEP_ID, STATUS, CREATED_BY, MODIFIED_BY from
		workflow_process_steps
		where WORKFLOW_ID = #{upject.workflowId, jdbcType=NUMERIC} and
		status='ACTIVE' and
		step_id = #{upject.stepId}
		order by step_seq
	</select>
	<select id="getWorkflowProcessStepByStepId"
		resultMap="WorkflowProcessSteps">
		select WORKFLOW_ID, STEP_ID, STEP_NAME, STEP_SEQ, STEP_TYPE,
		STEP_USER_GROUP, REJECT_STEP_ID, SERVICE_STEP_CLASS,
		PARENT_STEP_ID,
		NEXT_STEP_ID, STATUS, CREATED_BY, MODIFIED_BY
		from workflow_process_steps
		where step_id = #{stepId} and workflow_Id =
		#{workflowId}
	</select>
	<resultMap
		type="com.scb.selfservice.domains.WorkflowRequestStepsNames"
		id="WorkflowRequestStepsNames">
		<id property="reqId" column="REQ_ID" />
		<result property="stepId" column="STEP_ID" />
		<result property="status" column="STATUS" />
		<result property="stepName" column="STEP_NAME" />
		<result property="approvedAt" column="COMPLETED_TIME" />
		<result property="approvedBy" column="Approved_BY" />
	</resultMap>
	<select id="getWorkflowRequestStepsById"
		resultMap="WorkflowRequestStepsNames">
		select a.req_id, a.step_id,
		a.status,b.step_name,a.COMPLETED_TIME,
		CONCAT(users.first_name,(' '||users.last_name)) as Approved_BY
		from workflow_request_steps a
		left outer join workflow_process_steps b on a.step_id = b.step_id
		and b.workflow_id = #{workflowId}
		left outer join user_details users on users.user_id = a.STEP_ACTIONED_BY
		where a.req_id = #{reqId} and b.step_type = 'U'
		order by b.step_seq
	</select>

	<insert id="insertWorkFlowRequest"
		parameterType="com.scb.selfservice.domains.WorkflowRequest"
		keyProperty="workflowRequest.reqId" keyColumn="req_id">
		INSERT INTO WORKFLOW_REQUEST(req_id, workflow_id, remarks, status,
		request_created_by, last_acted_step_id, last_acted_by)
		VALUES(#{workflowRequest.reqId, jdbcType=NUMERIC},
		#{workflowRequest.workflowId, jdbcType=NUMERIC},
		#{workflowRequest.remarks}, #{workflowConstants.SUBMITTED},
		#{workflowRequest.requestCreatedBy, jdbcType=NUMERIC},
		#{workflowRequest.lastActedStepId},
		#{workflowRequest.requestCreatedBy})
	</insert>
	<insert id="insertWorkFlowRequestStep"
		parameterType="com.scb.selfservice.domains.WorkflowRequest"
		keyProperty="workflowRequest.reqId" keyColumn="req_id">
		INSERT ALL
		<foreach collection="wfReqSteps" item="step" index="index">
			INTO WORKFLOW_REQUEST_STEPS(req_id,step_id,status,remarks, START_TIME,
			COMPLETED_TIME,
			step_pending_grp,step_pending_user,step_actioned_by,step_action)
			VALUES
			(#{step.reqId, jdbcType=NUMERIC}, #{step.stepId}, #{step.status}, #{step.remarks},
			#{step.startTime, jdbcType=TIMESTAMP}, #{step.completedTime,
			jdbcType=TIMESTAMP},
			#{step.stepPendingGrp}, #{step.stepPendingUser,
			jdbcType=NUMERIC}, #{step.stepActionedBy, jdbcType=NUMERIC},
			#{step.stepAction})
		</foreach>
		SELECT * from DUAL
	</insert>

	<!-- 1 reject workflow_request_steps for the given step_id -->
	<update id="workflowRequestStepsRejectStep"
		parameterType="com.scb.selfservice.domains.Upject" keyProperty="reqId"
		keyColumn="REQ_ID">
		update workflow_request_steps set
		status='NOT STARTED', remarks=#{upject.remarks, jdbcType=VARCHAR},
		step_actioned_by=#{upject.userId}, step_action=#{upject.status},
		START_TIME = CURRENT_TIMESTAMP, COMPLETED_TIME = CURRENT_TIMESTAMP,
		attempt = #{attempt}
		where req_id=#{upject.reqId, jdbcType=NUMERIC} and step_id=#{upject.stepId}
	</update>

	<!-- 2 reject workflow_request_steps to reject for the given req_id -->
	<update id="workflowRequestStepsReject"
		parameterType="com.scb.selfservice.domains.Upject" keyProperty="reqId"
		keyColumn="REQ_ID">
		UPDATE WORKFLOW_REQUEST_STEPS SET
		STATUS='NOT STARTED' WHERE REQ_ID=#{upject.reqId, jdbcType=NUMERIC}
	</update>

	<update id="workflowRequestStepsRejectRequired"
		parameterType="com.scb.selfservice.domains.Upject" keyProperty="reqId"
		keyColumn="REQ_ID">
		UPDATE WORKFLOW_REQUEST_STEPS SET STATUS='PENDING'
		WHERE REQ_ID=#{reqId, jdbcType=NUMERIC} and
		step_id = #{stepId}
	</update>
	<!-- 3 reject workflow_request to reject for the given req_id -->
	<update id="workflowRequestReject"
		parameterType="com.scb.selfservice.domains.Upject" keyProperty="reqId"
		keyColumn="REQ_ID">
		update workflow_request set remarks=#{upject.remarks,
		jdbcType=VARCHAR}, status=#{upject.status},
		last_acted_step_id=#{upject.stepId}, last_acted_by=#{upject.userId}
		where req_id=#{upject.reqId, jdbcType=NUMERIC}
	</update>
	<!-- UPDATE -->
	<resultMap
		type="com.scb.selfservice.domains.RequestProcessStep"
		id="RequestProcessSteps">
		<id property="reqId" column="Req_Id" />
		<result property="workflowId" column="Workflow_Id" />
		<result property="stepId" column="Step_Id" />
		<result property="stepName" column="Step_Name" />
		<result property="stepSeq" column="Step_Seq" />
		<result property="stepType" column="Step_Type" />
		<result property="stepUserGroup" column="Step_User_Group" />
		<result property="rejectStepId" column="Reject_Step_Id" />
		<result property="serviceStepClass" column="Service_Step_Class" />
		<result property="parentStepId" column="Parent_Step_Id" />
		<result property="nextStepId" column="Next_Step_Id" />
		<result property="reqStepId" column="Req_Step_Id" />
		<result property="status" column="Status" />
		<result property="stepAction" column="Step_Action" />
	</resultMap>
	<select id="getRequestProcessSteps"
		resultMap="RequestProcessSteps">
		select p.WORKFLOW_ID, p.STEP_ID, p.STEP_NAME, p.STEP_SEQ, p.STEP_TYPE,
		p.STEP_USER_GROUP, p.REJECT_STEP_ID,
		p.SERVICE_STEP_CLASS, p.PARENT_STEP_ID, p.NEXT_STEP_ID, r.Req_Id, r.Step_Id as Req_Step_Id,
		r.Status, r.Step_Action
		from workflow_process_steps p
		left outer join
		workflow_request_steps r
		on p.Step_Id=r.Step_Id
		where
		p.Workflow_Id=#{workflowId} and p.Status='ACTIVE' and
		r.Req_Id=#{reqId, jdbcType=NUMERIC}
		order by p.Step_SEQ
	</select>
	<!-- 1 get the static process_step for the given stepId -->
	<select id="getWorkflowProcessStep"
		resultMap="WorkflowProcessSteps">
		select WORKFLOW_ID, STEP_ID, STEP_NAME, STEP_SEQ, STEP_TYPE,
		STEP_USER_GROUP, REJECT_STEP_ID, SERVICE_STEP_CLASS,
		PARENT_STEP_ID, NEXT_STEP_ID, STATUS, CREATED_BY, MODIFIED_BY from
		workflow_process_steps where STEP_ID = #{stepId}
	</select>

	<!-- 2 update workflow_request_step -->
	<update id="updateWorkflowRequestStep">
		UPDATE WORKFLOW_REQUEST_STEPS SET
		STATUS=#{status}, STEP_ACTION=#{stepAction} ,STEP_ACTIONED_BY=#{stepActionBy,
		jdbcType=NUMERIC},
		COMPLETED_TIME = CURRENT_TIMESTAMP, remarks = #{remarks, jdbcType=VARCHAR}, attempt
		= #{attempt}
		WHERE REQ_ID=#{reqId, jdbcType=NUMERIC} and STEP_ID=#{stepId}
	</update>

	<update id="updateWorkflowRequestStepPending">
		UPDATE WORKFLOW_REQUEST_STEPS SET
		STATUS=#{status}, STEP_ACTION=#{stepAction} ,STEP_ACTIONED_BY=#{stepActionBy,
		jdbcType=NUMERIC},
		START_TIME = CURRENT_TIMESTAMP
		WHERE REQ_ID=#{reqId, jdbcType=NUMERIC} and STEP_ID=#{stepId}
	</update>

	<!-- update workflow_request to UPDATE/APPROVE for the given req_id -->
	<update id="workflowRequestUpdate"
		parameterType="com.scb.selfservice.domains.Upject" keyProperty="reqId"
		keyColumn="REQ_ID">
		update workflow_request set
		status = #{upject.status}, remarks=#{upject.remarks,jdbcType=VARCHAR},
		last_acted_step_id=#{upject.stepId},
		last_acted_by=#{upject.userId}
		where req_id=#{upject.reqId, jdbcType=NUMERIC}
	</update>

	<!-- insertIntoEdmpConsumpReqUserResp -->
	<insert id="insertIntoEdmpConsumpReqUserResp"
		parameterType="com.scb.selfservice.domains.EdmpConsumpReqUserResp"
		keyProperty="reqId" keyColumn="req_id">
		INSERT ALL
		<foreach collection="lst" item="step" index="index">
			INTO edmp_consump_req_user_resp(req_id, step_id, property_name,
			property_value)
			VALUES
			(#{step.reqId, jdbcType=NUMERIC}, #{step.stepId}, #{step.propertyName},
			#{step.propertyValue, jdbcType=VARCHAR})
		</foreach>
		SELECT * from DUAL
	</insert>

	<!-- ACTIONS TOWARDS END OF WORKFLOW - MUST BE MARKED AS COMPLETED -->
	<!-- updateEdmpSelfServiceReqComplete -->
	<update id="updateEdmpSelfServiceReqComplete"
		parameterType="com.scb.selfservice.domains.Upject" keyProperty="reqId"
		keyColumn="REQ_ID">
		update Edmp_SelfService_Req set
		status=#{upject.status} where req_id=#{upject.reqId, jdbcType=NUMERIC}
	</update>
	<!-- updateWorkflowRequestComplete -->
	<update id="updateWorkflowRequestComplete"
		parameterType="com.scb.selfservice.domains.Upject" keyProperty="reqId"
		keyColumn="REQ_ID">
		update workflow_request set
		status=#{upject.status} where req_id=#{upject.reqId, jdbcType=NUMERIC}
	</update>

	<!-- Mapper to pulling myApproval lists for the given/logged user -->
	<resultMap type="com.scb.selfservice.domains.MyApprovalList"
		id="MyApprovalList">
		<id property="reqId" column="reqId" />
		<result property="stepId" column="stepId" />
		<result property="reqSummary" column="reqSummary" />
		<result property="reqCreatedAt" column="reqCreatedAt" />
		<result property="stepActionedBy" column="stepActionedBy" />
		<result property="createdBy" column="createdBy" />
		<result property="pendingWith" column="pending_with" />
		<result property="status" column="status" />
		<result property="interimStatus" column="interim_status" />
	</resultMap>

	<select id="getMyApprovalList" resultMap="MyApprovalList">
		SELECT a.req_id as
		reqId, a.step_id as stepId, cons.req_summary as reqSummary,
		steps.step_name as pending_with, wr.request_created_at as
		reqCreatedAt,
		CONCAT(usrs.first_name,(' '||usrs.last_name)) as stepActionedBy,
		CONCAT(users.first_name,(' '||users.last_name)) as createdBy,
		a.status as status, wr.status as interim_status
		FROM workflow_request_steps a
		left join edmp_consumption_request cons on a.req_id = cons.req_id
		left join workflow_request wr on wr.req_id=a.req_id
		left join user_details users on users.user_id = wr.request_created_by
		left join user_details usrs on usrs.user_id = wr.last_acted_by
		left join workflow_process_steps steps on a.step_id = steps.step_id
		and steps.workflow_id = #{workflowId}
		left join (SELECT A.REQ_ID, MAX(COMPLETED_TIME) MCUR_TIME FROM
		WORKFLOW_REQUEST_STEPS A, WORKFLOW_REQUEST B
		WHERE A.REQ_ID = B.REQ_ID AND B.STATUS NOT IN ('DRAFT', 'COMPLETED') GROUP
		BY A.REQ_ID) aa on aa.REQ_ID = a.req_id
		WHERE (a.step_pending_grp in
		(select b.role_name from user_role a, roles b where
		a.role_id=b.role_id and a.user_id=#{userId})
		or a.step_pending_user= #{userId})
		AND a.status = 'PENDING' AND
		steps.step_type = 'U' and wr.workflow_id = #{workflowId}
		ORDER BY aa.MCUR_TIME DESC
	</select>

	<!-- audit table workflow_req_steps_at -->
	<insert id="insertIntoWorkflowReqStepsAt"
		parameterType="com.scb.selfservice.domains.WorkflowReqStepsAt"
		keyProperty="reqAtId" keyColumn="req_at_id">
		INSERT into workflow_req_steps_at
		(REQ_AT_ID, REQ_ID, STEP_ID, WORKFLOW_ID,
		STATUS, REMARKS, START_TIME, COMPLETED_TIME, STEP_PENDING_GRP,
		STEP_PENDING_USER,
		STEP_ACTIONED_BY, STEP_ACTION, SNAPSHOT)
		values
		(WORKFLOW_REQ_STEPS_AT_SEQ.nextval, #{audit.reqId, jdbcType=NUMERIC}, #{audit.stepId,jdbcType=VARCHAR},
		#{audit.workflowId, jdbcType=NUMERIC},
		#{audit.status,jdbcType=VARCHAR}, #{audit.remarks,jdbcType=VARCHAR},
		#{audit.startTime, jdbcType=TIMESTAMP},CURRENT_TIMESTAMP,
		#{audit.stepPendingGrp,jdbcType=VARCHAR},
		#{audit.stepPendingUser, jdbcType=NUMERIC}, #{audit.stepActionedBy, jdbcType=NUMERIC},
		#{audit.stepAction,jdbcType=VARCHAR},
		#{audit.snapshotId, jdbcType=NUMERIC})
	</insert>

	<!-- sql for pulling reqId + stepId based row - single row -->
	<resultMap
		type="com.scb.selfservice.domains.WorkflowRequestStep"
		id="workflowRequestStep">
		<id property="reqId" column="REQ_ID" />
		<result property="stepId" column="STEP_ID" />
		<result property="status" column="STATUS" />
		<result property="remarks" column="REMARKS" />
		<result property="startTime" column="START_TIME" />
		<result property="completedTime" column="COMPLETED_TIME" />
		<result property="stepPendingGrp" column="STEP_PENDING_GRP" />
		<result property="stepPendingUser" column="STEP_PENDING_USER" />
		<result property="stepActionedBy" column="STEP_ACTIONED_BY" />
		<result property="stepAction" column="STEP_ACTION" />
	</resultMap>
	<select id="getWorkflowRequestStepsByStepId"
		resultMap="workflowRequestStep">
		select
		REQ_ID,STEP_ID,STATUS,REMARKS, START_TIME,COMPLETED_TIME,STEP_PENDING_GRP,STEP_PENDING_USER
		,STEP_ACTIONED_BY,STEP_ACTION
		from workflow_request_steps
		where req_id = #{reqId} and step_id = #{stepId}
	</select>

	<!-- DELETE entries for REJECTED consumption deleteWorkFlowRequestSteps 
		deleteEdmpConsumpReqUserResp -->
	<delete id="deleteWorkFlowRequest">
		delete from workflow_request
		where req_id = #{reqId}
	</delete>
	<delete id="deleteWorkFlowRequestSteps">
		delete from
		workflow_request_steps where req_id = #{reqId}
	</delete>
	<delete id="deleteEdmpConsumpReqUserResp">
		delete from
		edmp_consump_req_user_resp where req_id = #{reqId}
	</delete>

	<!-- 'rejected' status for the given reqId from workflow_request_steps -->
	<select id="getRejectedWorkflowRequestSteps"
		resultMap="workflowRequestStep">
		select
		REQ_ID,STEP_ID,STATUS,REMARKS, START_TIME,COMPLETED_TIME,STEP_PENDING_GRP,STEP_PENDING_USER
		,STEP_ACTIONED_BY,STEP_ACTION
		from workflow_request_steps
		where req_id = #{reqId} and step_action = 'REJECTED'
	</select>

	<!-- get Delivery Manager's PSID -->
	<resultMap type="com.scb.selfservice.domains.DMPsid"
		id="dmpsid">
		<result property="reqId" column="req_id" />
		<result property="psid" column="delivery_manager_psid" />
	</resultMap>
	<select id="getDmPsid" resultMap="dmpsid">
		select req_id,
		delivery_manager_psid
		from edmp_consumption_request
		where req_id = #{reqId}
	</select>

	<!-- get workflowId for the given workflowType -->
	<resultMap type="com.scb.selfservice.domains.WorkflowIdType"
		id="workflowIdType">
		<result property="workflowId" column="WORKFLOW_ID" />
		<result property="workflowType" column="PROCESS_NAME" />
		<result property="version" column="VERSION" />
	</resultMap>
	<select id="getWorkflowId" resultMap="workflowIdType">
		select workflow_id,
		process_name, version from workflow_process
		where process_name = #{workflowType} and status = 'ACTIVE'
	</select>

	<!--mapper to get edmp_consump_req_user_resp for (reqId + stepId) -->
	<resultMap
		type="com.scb.selfservice.domains.EdmpConsumpReqUserResp"
		id="EdmpConsumpReqUserResp">
		<result property="reqId" column="req_id" />
		<result property="stepId" column="step_id" />
		<result property="propertyName" column="property_Name" />
		<result property="propertyValue" column="property_Value" />
	</resultMap>
	<select id="getEdmpConsumpReqUserResp"
		resultMap="EdmpConsumpReqUserResp">
		select req_id, step_id, property_name, property_value from
		edmp_consump_req_user_resp
		where REQ_ID = #{reqId} and STEP_ID = #{stepId}
	</select>

	<!-- mapper to update edmp_consump_req_user_resp for (reqId + stepId + propertyName) -->
	<update id="updateEdmpConsumpReqUserResp"
		parameterType="com.scb.selfservice.domains.EdmpConsumpReqUserResp"
		keyProperty="reqId" keyColumn="req_id">
		<![CDATA[	
		merge into edmp_consump_req_user_resp t1
			using (select #{item.reqId} as reqId, #{item.stepId} as stepId, #{item.propertyName} as propName from dual ) t2
			on (t1.REQ_ID = t2.reqId and t1.STEP_ID = t2.stepId and t1.property_name = t2.propName)
		when matched then
    		update set t1.PROPERTY_VALUE = #{item.propertyValue, jdbcType=VARCHAR}
    		where t1.req_id = #{item.reqId} and t1.step_id = #{item.stepId} and t1.property_name = #{item.propertyName}
		when not matched then insert(
    		t1.req_id, t1.STEP_ID, t1.PROPERTY_NAME, t1.property_VALUE)
			values ( #{item.reqId}, #{item.stepId}, #{item.propertyName}, #{item.propertyValue, jdbcType=VARCHAR} )
		]]>
	</update>

	<!-- mapper to bring the audit details of workflow_request_steps along with 
		userName (from userId) -->
	<resultMap
		type="com.scb.selfservice.domains.AuditWorkflowRequestSteps"
		id="AuditWorkflowRequestSteps">
		<id property="reqId" column="req_id" />
		<result property="stepName" column="step_name" />
		<result property="status" column="status" />
		<result property="remarks" column="remarks" />
		<result property="startTime" column="start_time" />
		<result property="completedTime" column="completed_time" />
		<result property="stepActionedBy" column="stepActionedBy" />
		<result property="snapshotId" column="snapshot" />
	</resultMap>
	<select id="getAuditWorkflowRequestSteps"
		resultMap="AuditWorkflowRequestSteps">
		select audits.req_id, steps.step_name as step_name,
		audits.status, audits.remarks,
		audits.start_time, audits.completed_time, CONCAT(users.first_name,('
		'||users.last_name)) as stepActionedBy,
		audits.snapshot
		from workflow_req_steps_at audits, user_details users,
		workflow_process_steps steps
		where req_id = #{reqId}
		and users.user_id = audits.step_actioned_by
		and steps.step_id = audits.step_id and steps.workflow_id = #{workflowId}
		order by completed_time
	</select>

	<select id="getWorkflowRequestWorkflowId"
		resultType="java.lang.Integer">
		SELECT WORKFLOW_ID FROM WORKFLOW_REQUEST WHERE REQ_ID =
		#{reqId}
	</select>

	<update id="updateExistingPendingSteps">
		UPDATE WORKFLOW_REQUEST_STEPS SET STATUS = 'NOT
		STARTED' WHERE REQ_ID = #{step.reqId}
		AND STATUS ='PENDING'
	</update>

	<update id="updateWorkflowReqSteps">
		UPDATE WORKFLOW_REQUEST_STEPS SET STATUS =
		#{step.status},
		COMPLETED_TIME = #{step.completedTime, jdbcType=TIMESTAMP} WHERE REQ_ID =
		#{step.reqId}
		AND STEP_ID = #{step.stepId}
	</update>

	<!-- Ingestion - My Approval list for the given/logged-in user -->
	<resultMap
		type="com.scb.selfservice.domains.MyApprovalIngestion"
		id="MyIngestionApproval">
		<id property="reqId" column="reqId" />
		<result property="stepId" column="stepId" />
		<result property="reqSummary" column="reqSummary" />
		<result property="reqCreatedAt" column="reqCreatedAt" />
		<result property="stepActionedBy" column="stepActionedBy" />
		<result property="statusApproved" column="status_approved" />
		<result property="createdBy" column="createdBy" />
		<result property="pendingWith" column="pending_with" />
		<result property="status" column="status" />
		<result property="interimStatus" column="interim_status" />
		<result property="requestType" column="source_type" />
	</resultMap>

	<select id="getMyIngestionApproval"
		resultMap="MyIngestionApproval">
		SELECT
 wrs.req_id AS reqid,
 wrs.step_id AS stepid,
 ing.request_summary AS reqsummary,
 steps1.step_name AS pending_with,
 to_char(wr.request_created_at, 'DD/MM/YYYY') AS reqcreatedat,
 concat(usrs.first_name,(' ' || usrs.last_name)) AS stepactionedby,
 concat(users.first_name,(' ' || users.last_name)) AS createdby,
 ( steps.step_name ) AS status_approved,
 wrs.status AS status,
 wr.status AS interim_status,
 ing.source_type
FROM
 workflow_request_steps wrs
 LEFT JOIN edmp_injestion_request ing ON wrs.req_id = ing.req_id
 LEFT JOIN workflow_request wr ON wr.req_id = wrs.req_id
 LEFT JOIN user_details users ON users.user_id = wr.request_created_by
 LEFT JOIN user_details usrs ON usrs.user_id = wr.last_acted_by
 LEFT JOIN workflow_process_steps steps ON steps.step_id = nvl(wr.last_acted_step_id,'S0') AND steps.workflow_id = #{workflowId}
 LEFT JOIN ( SELECT a.req_id, MAX(completed_time) mcur_time FROM workflow_request_steps a, workflow_request b
 WHERE a.req_id = b.req_id AND b.status NOT IN ( 'DRAFT', 'COMPLETED' )  GROUP BY a.req_id ) aa ON aa.req_id = wrs.req_id
 LEFT JOIN workflow_process_steps steps1 ON steps1.step_id = wrs.step_id AND steps1.workflow_id = #{workflowId}
 WHERE ( wrs.step_pending_grp IN (SELECT b.role_name FROM user_role wrs, roles b WHERE
 wrs.role_id = b.role_id AND wrs.user_id = #{userId} ) OR wrs.step_pending_user = #{userId} )
 AND wrs.status = 'PENDING' AND steps.step_type = 'U'  AND wr.workflow_id = #{workflowId}
ORDER BY wr.request_created_at DESC
	</select>
</mapper>