<?xml version="1.0" encoding="UTF-8"?>
<beans xmlns="http://www.springframework.org/schema/beans"
	xmlns:xsi="http://www.w3.org/2001/XMLSchema-instance"	
	xmlns:context="http://www.springframework.org/schema/context"
	xmlns:mvc="http://www.springframework.org/schema/mvc"	
	xmlns:tx="http://www.springframework.org/schema/tx"
	xmlns:aop="http://www.springframework.org/schema/aop"
	xmlns:mybatis="http://mybatis.org/schema/mybatis-spring"
	xmlns:jee="http://www.springframework.org/schema/jee"
	xmlns:task="http://www.springframework.org/schema/task"
	xmlns:util="http://www.springframework.org/schema/util"
	xsi:schemaLocation="http://www.springframework.org/schema/context 
		http://www.springframework.org/schema/context/spring-context-4.3.xsd 
		http://www.springframework.org/schema/mvc http://www.springframework.org/schema/mvc/spring-mvc-4.3.xsd
		http://www.springframework.org/schema/beans http://www.springframework.org/schema/beans/spring-beans-4.3.xsd
		http://www.springframework.org/schema/tx http://www.springframework.org/schema/tx/spring-tx-4.3.xsd
		http://www.springframework.org/schema/aop http://www.springframework.org/schema/aop/spring-aop-4.3.xsd
		http://mybatis.org/schema/mybatis-spring http://mybatis.org/schema/mybatis-spring.xsd
		http://www.springframework.org/schema/jee http://www.springframework.org/schema/jee/spring-jee.xsd
		http://www.springframework.org/schema/beans http://www.springframework.org/schema/beans/spring-beans-3.0.xsd
        http://www.springframework.org/schema/context/ http://www.springframework.org/schema/context/spring-context.xsd
        http://www.springframework.org/schema/util/ http://www.springframework.org/schema/util/spring-util.xsd
        http://www.springframework.org/schema/task http://www.springframework.org/schema/task/spring-task-3.0.xsd">
        
        <task:annotation-driven />
		
	<context:component-scan base-package="com.scb.selfservice" />  	
	
	<!-- Enable Annotation based Declarative Transaction Management -->
	<tx:annotation-driven proxy-target-class="true" transaction-manager="transactionManager" />
	
	<bean id="transactionManager"
        class="org.springframework.jdbc.datasource.DataSourceTransactionManager">
	  <property name="dataSource" ref="app_dataSource" />
    </bean>
    
    <bean id="sqlSessionFactory" class="org.mybatis.spring.SqlSessionFactoryBean">
		<property name="dataSource" ref="app_dataSource" />	
		<property name="mapperLocations" value="classpath*:sql-map/**/*.xml" />
	</bean>
	
	<bean id="sqlSession" class="org.mybatis.spring.SqlSessionTemplate">
		 <constructor-arg index="0" ref="sqlSessionFactory" />
	</bean>
	
	<bean class="org.mybatis.spring.mapper.MapperScannerConfigurer">
  		<property name="basePackage" value="com.scb.selfservice.dao.mapper" />
  		<property name="sqlSessionFactoryBeanName" value="sqlSessionFactory" />
  		<property name="sqlSessionTemplateBeanName" value="sqlSession" />
	</bean>
	
	<bean id="app_dataSource" class="org.apache.commons.dbcp.BasicDataSource" destroy-method="close" >
		<property name="url" value="xxxxxxx" />
   		<property name="driverClassName" value="oracle.jdbc.OracleDriver" />
   		<property name="username" value="xxx" />
   		<property name="password" value="xxxx" />
   		<property name="removeAbandoned" value="true"/>
   		<property name="initialSize" value="5" />
   		<property name="maxActive" value="5" />
   		<property name="validationQuery" value="SELECT sysdate FROM DUAL" />
   		<property name="testOnReturn" value="true" />
	</bean>	
	
	<bean id="app_td_dataSource" class="org.apache.commons.dbcp.BasicDataSource" destroy-method="close" >
		<property name="url" value="xxxxx" />
   		<property name="driverClassName" value="com.teradata.jdbc.TeraDriver" />
   		<property name="username" value="xxxxx" />
   		<property name="password" value="xxx" />
   		<property name="removeAbandoned" value="true"/>
   		<property name="initialSize" value="xxx" />
   		<property name="maxActive" value="xxx" />
   		<property name="validationQuery" value="SELECT CURRENT_DATE" />
   		<property name="testOnReturn" value="true" />
	</bean>
	
	<bean id="transactionManagerTD"
        class="org.springframework.jdbc.datasource.DataSourceTransactionManager">
	  <property name="dataSource" ref="app_td_dataSource" />
    </bean>
    
    <bean id="sqlSessionFactoryTD" class="org.mybatis.spring.SqlSessionFactoryBean">
		<property name="dataSource" ref="app_td_dataSource" />	
		<property name="mapperLocations" value="classpath*:td-sql-map/**/*.xml" />
	</bean>
	
	<bean id="sqlSessionTD" class="org.mybatis.spring.SqlSessionTemplate">
		 <constructor-arg index="0" ref="sqlSessionFactoryTD" />
	</bean>
	
	<bean id="tdMapperScanner" class="org.mybatis.spring.mapper.MapperScannerConfigurer">
  		<property name="basePackage" value="com.scb.selfservice.dao.td.mapper" />
  		<property name="sqlSessionFactoryBeanName" value="sqlSessionFactoryTD" />
  		<property name="sqlSessionTemplateBeanName" value="sqlSessionTD" />
	</bean>
	
	<bean id="authenticator" class="com.scb.selfservice.web.authentication.LDAPAuthenticator">
		<property name="ldapURL" value="ldaps://xx.xx.xx.xx" />
		<property name="userDNPattern" value="cn={0},ou=users,o=standardchartered" />
	</bean>
	
	<bean id="propertyPlaceHolderConfigurer" class="com.scb.selfservice.config.AppPropertyOverrideConfigurer" >
		<property name="location" value="/WEB-INF/spring/ldap.properties"/>
	</bean> 
		
	<mvc:annotation-driven />
	
	<bean id="viewResolver"
		class="org.springframework.web.servlet.view.UrlBasedViewResolver">
		<property name="viewClass"
			value="org.springframework.web.servlet.view.JstlView" />
		<property name="prefix" value="/" />
		<property name="suffix" value=".jsp" />
	</bean>

	<bean id="multipartResolver"
        class="org.springframework.web.multipart.commons.CommonsMultipartResolver" >
        <!-- Maximum Upload Size (In Bytes) - 250 MB -->
        <property name="maxUploadSize" value="250000000" />
        <!-- Maximum Size Of The File In Memory (In Bytes) - 20 MB-->
        <property name="maxInMemorySize" value="20971520" />
	</bean>
	
	<bean id="messageSource"
		class="org.springframework.context.support.ResourceBundleMessageSource">
		<property name="basenames">
			<list>
				<value>message-log/messages</value>
			</list>
		</property>
	</bean>

	<bean id="freeMarkerConfigurationFactory" class="org.springframework.ui.freemarker.FreeMarkerConfigurationFactoryBean">
		<property name="templateLoaderPaths" value="classpath:/mail-template,classpath:/ingestion-template"/>
	</bean>

	<mvc:resources mapping="/app/**" location="/app/" />
	
	<mvc:interceptors>
		<mvc:interceptor>
			<mvc:mapping path="/api/**" />
			<bean class="com.scb.selfservice.web.interceptor.AuthTokenValidator" /> 
		</mvc:interceptor>
	</mvc:interceptors>
	
	<mvc:cors>
    <mvc:mapping path="/**"
        allowed-origins="*"
        allowed-headers="*"
        exposed-headers="Content-Disposition"
        allowed-methods="GET, PUT, POST, DELETE"/>
	</mvc:cors>
	
	<aop:aspectj-autoproxy />	

	<!-- <bean id="emailSla" class="com.scb.selfservice.scheduler.EmailScheduler">
	</bean> -->
	
</beans>