<?xml version="1.0" encoding="UTF-8" ?>
<!DOCTYPE mapper
    PUBLIC "-//mybatis.org//DTD Mapper 3.0//EN"
    "http://mybatis.org/dtd/mybatis-3-mapper.dtd">

<mapper namespace="com.scb.selfservice.dao.mapper.identity.IdentityMapper">

   <insert id="insertUserLoginDetails">
   		INSERT INTO USER_LOGIN_DETAILS (USER_ID, LOGIN_STATUS, LOGIN_TIME, LOGIN_IP_ADDRESS, USER_AGENT, LOGIN_EXCEPTION)
   		VALUES (#{USER_ID}, #{LOGIN_STATUS}, CURRENT_TIMESTAMP, #{LOGIN_IP}, #{USER_AGENT}, #{LOGIN_EXCEPTION})
   </insert>
   
   <resultMap id="getUserDetailsMap" type="com.scb.selfservice.model.UserDetails">
   		<result column="USER_ID" property="userId" />
   		<result column="FIRST_NAME" property="firstName" />
   		<result column="LAST_NAME" property="lastName" />
   		<result column="EMAIL_ADDRESS" property="emailAddress" />
   		<result column="STATUS" property="status" />
   		<collection property="roles" javaType="list" ofType="com.scb.selfservice.model.Roles">
   			<result column="ROLE_NAME" property="roleName" />
   		</collection>
   </resultMap>
   
   <select id="getUserDetails" resultMap="getUserDetailsMap" parameterType="String">
      <![CDATA[
		SELECT DISTINCT A.USER_ID, A.FIRST_NAME, A.LAST_NAME, A.EMAIL_ADDRESS, A.STATUS, C.ROLE_NAME
		FROM   USER_DETAILS A 
		LEFT OUTER JOIN USER_ROLE B
		  ON A.USER_ID = B.USER_ID
		  AND B.STATUS = 'ACTIVE'
		LEFT OUTER JOIN ROLES C
		  ON B.ROLE_ID = C.ROLE_ID
		WHERE A.USER_ID =#{userId}
	  ]]>
   </select>
   
   <select id="getUserLastLoginDetails" parameterType ="String" resultType="java.util.Map">
   	<![CDATA[
   		SELECT * FROM (
		  SELECT TO_CHAR(MAX(LOGIN_TIME), 'DD-MON-YY HH24:MI:SS') LAST_LOGIN_TIME
		  FROM   USER_LOGIN_DETAILS
		  WHERE  USER_ID = #{userId}
		  AND    LOGIN_STATUS ='SUCCESS'
		), (SELECT COUNT(*) FAILED_LOGIN_ATTEMPT
		    FROM   USER_LOGIN_DETAILS A
		    WHERE  USER_ID = #{userId}
		    AND    LOGIN_STATUS <> 'SUCCESS'
    		AND    LOGIN_TIME > (SELECT MAX(LOGIN_TIME)
		                         FROM   USER_LOGIN_DETAILS B
		                         WHERE  USER_ID = A.USER_ID
		                         AND   LOGIN_STATUS ='SUCCESS'
		                         AND   LOGIN_TIME <> (SELECT MAX(LOGIN_TIME) FROM USER_LOGIN_DETAILS WHERE  USER_ID = B.USER_ID AND LOGIN_STATUS ='SUCCESS')
        ))	
   	]]>
   </select>
   
   <insert id="createUserDetails">
   		INSERT INTO USER_DETAILS (USER_ID, FIRST_NAME, LAST_NAME, EMAIL_ADDRESS, STATUS, CREATED_DATE, CREATED_BY)
   		SELECT #{userId}, #{firstName}, #{lastName}, #{emailAddress}, 'ACTIVE', SYSTIMESTAMP, #{userId}
   		FROM DUAL 
   		WHERE NOT EXISTS (SELECT * FROM USER_DETAILS WHERE USER_ID = #{userId})   		
   </insert>
   
</mapper>
