<?xml version="1.0" encoding="UTF-8"?>
<!DOCTYPE mapper
    PUBLIC "-//mybatis.org//DTD Mapper 3.0//EN"
    "http://mybatis.org/dtd/mybatis-3-mapper.dtd">

<mapper namespace="com.scb.selfservice.dao.mapper.RangerPolicyMapper">
    
    <resultMap id="ConsumptionRequestMap" type="com.scb.selfservice.model.ConsumptionRequestModel">
        <result property="requestId" column="REQ_ID"/>
        <result property="appName" column="APP_NAME"/>
        <result property="databaseName" column="DATABASE_NAME"/>
        <result property="country" column="COUNTRY_A"/>
        <result property="tableName" column="TAB_NAME"/>
        <result property="columnName" column="COL_NAME"/>
        <result property="groupName" column="GROUP_NAME"/>
    </resultMap>


   <select id="getRangerPoliciesByRequestId" resultMap="ConsumptionRequestMap">
		SELECT DISTINCT A.DATABASE_NAME,
       		   DECODE (C.IS_RELATED_EXIST_REQ, 0, D.GRP_NAME, C.AD_ROLE_NAME) AS GROUP_NAME,
       		   B.*
		FROM TBL_EDMP A,
		     EDMP_CONSUMPTION_REQUEST C,
		    ( SELECT DISTINCT R.REQ_ID,
		          R.APP_NAME,
		          T.COUNTRY,
		          R.TABLE_NAME,
		          LOWER(R.COLUMN_NAME) COL_NAME,
		          T.TABLE_NAME_ORG AS TABLE_NAMES,
		          LOWER(t.TABLE_NAME) TAB_NAME,
		          T.COUNTRY COUNTRY_A
		      FROM EDMP_CONSUMP_REQ_DETAILS R
		      JOIN EDMP_APP_TABS_METADATA T
		      ON T.TABLE_NAME_T = R.TABLE_NAME
		      AND R.INSTANCE    = T.COUNTRY
		      AND R.REQ_ID      = #{request_id}
		    ) B,
		    (SELECT DISTINCT UPPER(PROPERTY_VALUE) AS GRP_NAME FROM EDMP_CONSUMP_REQ_USER_RESP A1, WORKFLOW_REQUEST A2, WORKFLOW_PROCESS_STEPS A3
		     WHERE A1.REQ_ID = #{request_id}
	         AND   A1.REQ_ID = A2.REQ_ID
	         AND   A2.WORKFLOW_ID = A3.WORKFLOW_ID
	         AND   A3.STEP_ID = A1.STEP_ID
	         AND   A3.STEP_NAME ='Change Approver'
		     AND   PROPERTY_NAME like 'adRoleNam%') D
		WHERE A.EDM_SOURCE_SYSTEM_NAME = B.APP_NAME
		AND A.COUNTRY                  = B.COUNTRY_A
		AND A.TABLE_NAME               = B.TABLE_NAMES
		AND A.COLUMN_NAME              = DECODE(B.COL_NAME, 'all', A.COLUMN_NAME, B.COL_NAME)
		AND C.REQ_ID 				   = B.REQ_ID
		AND C.REQ_ID                   = #{request_id}		
   </select>
   
   <insert id="addRangerPolicyDetails">
   		INSERT INTO EDMP_CONSUMP_RANG_POLICY_DTLS (
   		REQ_ID, APP_NAME, INSTANCE, GROUP_NAME, POLICY_NAME, 
   		POLICY_ID, POLICY_CREATE_TYPE, POLICY_TYPE, STATUS, ERROR_MSG, 
   		REPO_TYPE, CREATE_TIME, UPDATE_TIME) VALUES ( #{req_id}, #{app_name}, #{country}, 
   		#{group_name}, #{policy_name}, #{policy_id}, #{policy_create_type}, 
   		#{policy_type}, #{status}, #{error_msg}, #{repo_type}, #{create_time}, #{update_time})
   </insert>
   
   <select id="getParentStepId" resultType="java.lang.String">
   	SELECT b.PARENT_STEP_ID 
	FROM WORKFLOW_REQUEST_STEPS a, 
	WORKFLOW_PROCESS_STEPS b, 
	WORKFLOW_REQUEST c 
	WHERE a.REQ_ID = #{req_id} AND a.STEP_ID = #{step_id} 
	AND a.STEP_ID = b.STEP_ID 
	AND a.REQ_ID = c.REQ_ID
	AND b.WORKFLOW_ID = c.WORKFLOW_ID
   </select>
   
</mapper>