<?xml version="1.0" encoding="UTF-8" ?>
<!DOCTYPE mapper
    PUBLIC "-//mybatis.org//DTD Mapper 3.0//EN"
    "http://mybatis.org/dtd/mybatis-3-mapper.dtd">

<mapper namespace="com.scb.selfservice.dao.td.mapper.ConsumptionMasterMapper">
	
	<resultMap type="com.scb.selfservice.domains.databaseentity.DBAdRoleGroup" id="ConsumerAdRole">
		<id     property="bizFunctId" column="BIZ_FUNC_ID" />
		<result property="bizFuncName" column="BIZ_FUNC_NAME" />
		<result property="adGroupName" column="AD_GRP" />
	</resultMap>

   <select id="getConsumptionMasterADRole" resultMap="ConsumerAdRole">
      <![CDATA[
   	  		LOCKING ROW FOR ACCESS
			SELECT BIZ_FUNC_ID, BIZ_FUNC_NAME,  TRIM(TRAILING ',' FROM (XMLAGG(A.AD_GROUP_NAME || ', ' ORDER BY A.AD_GROUP_NAME) (VARCHAR(1000)))) AS AD_GRP
			FROM (
                 SELECT A.BIZ_FUNC_ID, A.BIZ_FUNC_NAME,  B.AD_GROUP_NAME
                 FROM       T_OPS_SLA_METADATA A, T_OPS_CONSUMP_ROLE_MAP B
                 WHERE A.BIZ_FUNC_ID = B.BIZ_FUNC_ID                
			) A
			GROUP BY BIZ_FUNC_ID, BIZ_FUNC_NAME
			ORDER BY BIZ_FUNC_NAME			   	  		
	  ]]>
   </select>
   
   <insert id="createNewConsumptionRequest" parameterType="java.util.Map">
   		<![CDATA[
   			INSERT INTO T_OPS_SLA_METADATA (BIZ_FUNC_ID, BIZ_FUNC_NAME, BIZ_GRP_NAME, APPLICATION_NAME, SLA_PREPARED_BY, SLA_SIGNOFF_BY_SRC1, SLA_SIGNOFF_BY_TGT1, 
   				SLA_SIGNOFF_BY_TSM1, SLA_SIGNOFF_BY_TSM2, SLA_SIGNOFF_BY_PSS1, SLA_SIGNOFF_BY_OPS1, SLA_APR_DATE, SLA_EFF_DATE, SLA_EXP_DATE, SLA_PERIOD_MON, 
   				ITAM_REF, BATCH_NAME, IS_ACTIVE, CREATED_USER, CREATED_TSTAMP, MODIFIED_USER, MODIFIED_TSTAMP) 
   			VALUES 
   			(#{CONSUMER_ID}, #{CONSUMER_APP_NAME}, 'TEST', #{REQ_SUMMARY}, #{DELIVERY_MANAGER_PSID}, #{DELIVERY_MANAGER_PSID},
   			 #{CONSUMER_BUSINESS_OWNER}, '1514401', '1514401', #{SRE_USER}, #{SRE_USER}, CURRENT_DATE, CURRENT_DATE, CURRENT_DATE+365, '12', #{CONSUMER_ITAM},
   			 'SSP', 'Y', 'SSP', CURRENT_TIMESTAMP(0), 'SSP', CURRENT_TIMESTAMP(0))			
   		]]>
   		
   </insert>
   
   <update id="updateConsumptionMaster" parameterType="java.util.Map">
   		<![CDATA[
   			UPDATE T_OPS_SLA_METADATA
   			SET MODIFIED_TSTAMP = CURRENT_TIMESTAMP(0),
   				MODIFIED_USER = 'SSP',
   				SLA_SIGNOFF_BY_PSS1 = #{SRE_USER},
   				SLA_SIGNOFF_BY_OPS1 = #{SRE_USER}
   			WHERE BIZ_FUNC_ID = #{CONSUMER_ID}
   		]]>
   </update>
   
   <insert id="insertTabDetails">
   		<foreach item="tab" collection="reqTables" separator=";">
   			INSERT INTO CONSUMPTION_REQ (BIZ_FUNC_ID, APP_NAME, COUNTRY, TAB_NAME)
   			VALUES (#{consumerId}, #{tab.APP_NAME}, #{tab.INSTANCE}, #{tab.TABLE_NAME})
   		</foreach>
   </insert>
   
   <insert id="insertSLAMetaDetails">
   		<![CDATA[
   			INSERT INTO T_OPS_SLA_METADATA_DETAIL (BIZ_FUNC_ID, PLATFORM_NAME, SLA_STAGE, CTL_ID, FILE_ID, FREQ, PROCESS_NAME, EXP_SLA_TIME, EXP_SLA_DAY, 
   				EXP_SLA_DATE, EXP_AVAIL_PERC, SLA_TYPE,	SLA_LAG_DAY, DATA_LAG_PERD_WDAY,  DATA_LAG_PERD_HDAY, DEP_PLATFORM_NAME, DEP_SLA_STAGE, RPT_GRP1, 
   				RPT_GRP_DESC1, SLA_DETAIL, BATCH_NAME,  IS_ACTIVE, CREATED_USER, CREATED_TSTAMP, MODIFIED_USER, MODIFIED_TSTAMP,PRIORITY )
			SELECT   B.BIZ_FUNC_ID, A.T1_DATA, 'T1', A.CTL_ID, A.FILE_ID, #{FREQUENCY}, B.TAB_NAME, 
				     NULL, NULL, NULL, '99', 'T', '1', '1', '1', 'H', 'T1', 'EDMOPS',  'EDMOPS - DEFAULT SLA', 
				     'T1-SLA D-1 11:59 PM country time & T2-SLA D-1 11:59 country time',
				    'HAAS', 'Y', 'SSP',  CURRENT_TIMESTAMP(0), 'SSP', CURRENT_TIMESTAMP(0), '1'
			FROM     T_OPS_FILE_METADATA A, CONSUMPTION_REQ B
			WHERE    B.BIZ_FUNC_ID = #{CONSUMER_ID}
			AND      A.T1_DATA = 'H'
			AND      A.IN_OUTBOUND_IND ='I'
			AND      LOWER(A.HDP_TBL_NAME) = B.TAB_NAME
			AND      A.COUNTRY_CD = B.COUNTRY
			AND      A.SOURCE_SYSTEM = B.APP_NAME
			AND      NOT EXISTS (SELECT * FROM T_OPS_SLA_METADATA_DETAIL C 
								 WHERE C.BIZ_FUNC_ID = B.BIZ_FUNC_ID AND C.CTL_ID = A.CTL_ID AND C.FILE_ID = A.FILE_ID 
								 AND C.PLATFORM_NAME ='H' AND C.SLA_STAGE ='T1')
   		]]>
   </insert>
   
   <insert id="insertADGroupDetails">
   		<![CDATA[
   			INSERT INTO T_OPS_CONSUMP_ROLE_MAP (BIZ_FUNC_ID, AD_GROUP_NAME, PURPOSE, CREATEDBY, CREATEDDATE)
			SELECT #{CONSUMER_ID} AS BIZ_FUNC,  #{AD_GRP_NAME} AS AD_GRP, #{REQ_SUMMARY} AS PURPOSE, 'SSP', CURRENT_TIMESTAMP(0)
			FROM  T_OPS_CONSUMP_ROLE_MAP A
			WHERE 1=1
			AND  NOT EXISTS (SELECT * FROM T_OPS_CONSUMP_ROLE_MAP B WHERE B.BIZ_FUNC_ID = #{CONSUMER_ID} AND AD_GROUP_NAME = #{AD_GRP_NAME})
			SAMPLE 1
   		]]>
   </insert>
   
   <select id="getSLAMetaByConsumerId" resultType="string">
   		<![CDATA[
   			SELECT BIZ_FUNC_ID FROM T_OPS_SLA_METADATA
   			WHERE BIZ_FUNC_ID = #{consumerId}
   		]]>
   </select>
   
   <select id="getProcessedCountRecords" resultType="int">
   		<![CDATA[
   			SELECT COUNT(DISTINCT A.PROCESS_NAME) C_COUNT
   			FROM   T_OPS_SLA_METADATA_DETAIL A, CONSUMPTION_REQ B
   			WHERE  A.BIZ_FUNC_ID = B.BIZ_FUNC_ID
   			AND    A.BIZ_FUNC_ID = #{consumerId}
   			AND    A.PROCESS_NAME = B.TAB_NAME
   		]]>
   </select>
   
   <delete id="deleteTabDetails">
   	  	DELETE FROM CONSUMPTION_REQ WHERE BIZ_FUNC_ID = #{consumerId}
   </delete>
  
   
</mapper>
