<?xml version="1.0" encoding="UTF-8" ?>
<!DOCTYPE mapper
    PUBLIC "-//mybatis.org//DTD Mapper 3.0//EN"
    "http://mybatis.org/dtd/mybatis-3-mapper.dtd">

<mapper
	namespace="com.scb.selfservice.dao.td.mapper.ImpactedConsumerTDMapper">

	<resultMap
		type="com.scb.selfservice.domains.databaseentity.ImpactedConsumer" id="ImpactedConsumer">
		<id property="reqId" column="REQ_ID"/>
		<result property="sourceSystem" column="biz_func_id" />
		<result property="datasetName" column="sdm_tbl_name" />
		<result property="consumerContact" column="tech_contacts" />
		<result property="impactedConsumer" column="biz_contacts" />
		<result property="impactAnalysisStatus" column="IMPACT_ANALYSIS_STATUS" />
	</resultMap>

	<select id="findByImpactedConsumer" resultMap="ImpactedConsumer">
		Select a.biz_func_id, b.sdm_tbl_name, c.tech_contacts, c.biz_contacts
		from
		T_ops_sla_metadata_detail a, t_ops_file_metadata b , T_OPS_CONSUMPTION_CONTACTS c
		Where a.ctl_id = b.ctl_id
		And a.file_id = b.file_id
		And a.biz_func_id = c.biz_func_id
		And b.sdm_tbl_name in 
		<foreach item="tableName" index="index" collection="tableNames"
			open="(" separator="," close=")">
			#{tableName, jdbcType=VARCHAR}
		</foreach>
	</select>

</mapper>
