<?xml version="1.0" encoding="UTF-8" ?>
<!DOCTYPE mapper
        PUBLIC "-//mybatis.org//DTD Mapper 3.0//EN"
        "http://mybatis.org/dtd/mybatis-3-mapper.dtd">

<mapper namespace="com.scb.selfservice.dao.mapper.ingestion.SourceMapper">

    <resultMap id="getSourceDetailsMap" type="com.scb.selfservice.model.SourceDetails">
        <result column="source_id" property="sourceId" />
        <result column="source_system" property="sourceSystem" />
        <result column="country_code" property="countryCode" />
        <result column="app_user_id" property="appUserId" />
        <result column="app_user_id_dr" property="appDRUserId" />
    </resultMap>

    <select id="getSourceDetails" resultMap="getSourceDetailsMap" parameterType="int">
        <![CDATA[
		select source_id, source_system, country_code, app_user_id, app_user_id_dr
          from SOURCE_DETAILS
         where source_id = #{sourceId}
	  ]]>
    </select>

</mapper>