<?xml version="1.0" encoding="UTF-8" ?>
<!DOCTYPE mapper
        PUBLIC "-//mybatis.org//DTD Mapper 3.0//EN"
        "http://mybatis.org/dtd/mybatis-3-mapper.dtd">

<mapper namespace="com.scb.selfservice.dao.mapper.email.EmailMapper">

    <resultMap id="getApproveMailToListMap" type="com.scb.selfservice.model.EmailAddressDetails">
        <result column="dist_type" property="distributionType" />
        <collection property="eMailAddress" javaType="list" ofType="java.lang.String">
            <result column="email_address" property="eMailAddress" />
        </collection>
    </resultMap>

    <select id="getApproveMailToList" resultMap="getApproveMailToListMap" >
        <![CDATA[
select 'TO' dist_type, email_address
from user_role, roles,user_details
where user_role.role_id = roles.role_id
  and user_role.status = 'ACTIVE'
  and user_details.status = 'ACTIVE'
  and user_details.user_id = user_role.user_id
  and role_name in (
select step_pending_grp from
(select req.req_id,step.step_id,step.step_type,step.level_no, step_pending_grp,step_pending_user,
        row_number() over (partition by req_id order by level_no) as rnum
 from workflow_request_steps req,
 (
select step_id,step_type,level as level_no
from workflow_process_steps
where workflow_id = (select workflow_id from workflow_request where req_id = #{reqId})
and status='ACTIVE'
start with step_id = #{stepId}
connect by step_id = prior next_step_id
) step
 where req_id = #{reqId}
   and step.step_id = req.step_id
   and step.step_id != #{stepId}
   and step.step_type = 'U'
) step_user
 where rnum=1)

union all

 select 'TO' dist_type, email_address
from user_details
where status = 'ACTIVE'
  and user_id in (
select step_pending_user from
(select req.req_id,step.step_id,step.step_type,step.level_no, step_pending_grp,step_pending_user,
        row_number() over (partition by req_id order by level_no) as rnum
 from workflow_request_steps req,
 (
select step_id,step_type,level as level_no
from workflow_process_steps
where workflow_id = (select workflow_id from workflow_request where req_id = #{reqId})
and status='ACTIVE'
start with step_id = #{stepId}
connect by step_id = prior next_step_id
) step
 where req_id = #{reqId}
   and step.step_id = req.step_id
   and step.step_id != #{stepId}
   and step.step_type = 'U'
) step_user
 where rnum=1)
	  ]]>
    </select>


    <resultMap id="getApproveMailCcListMap" type="com.scb.selfservice.model.EmailAddressDetails">
        <result column="dist_type" property="distributionType" />
        <collection property="eMailAddress" javaType="list" ofType="java.lang.String">
            <result column="email_address" property="eMailAddress" />
        </collection>
    </resultMap>

    <select id="getApproveMailCcList" resultMap="getApproveMailCcListMap" >
        <![CDATA[

 select 'CC' dist_type, email_address
from user_role, roles,user_details
where user_role.role_id = roles.role_id
  and user_role.status = 'ACTIVE'
  and user_details.status = 'ACTIVE'
  and user_details.user_id = user_role.user_id
  and role_name in (
select step_pending_grp from
(select req.req_id,step.step_id,step.step_type,step.level_no, step_pending_grp,step_pending_user,step_actioned_by,
        row_number() over (partition by req_id order by level_no desc) as rnum
 from workflow_request_steps req,
 (
select step_id,step_type,level as level_no
from workflow_process_steps
where workflow_id = (select workflow_id from workflow_request where req_id = #{reqId})
and status='ACTIVE'
start with step_id = #{stepId}
connect by step_id = prior parent_step_id
) step
 where req_id = #{reqId}
   and step.step_id = req.step_id
   and step.step_type = 'U'
) )

union all

select 'CC' dist_type, email_address
from user_details
where status = 'ACTIVE'
  and user_id in (
select case when rnum = 1 then step_actioned_by else step_pending_user end  from
(select req.req_id,step.step_id,step.step_type,step.level_no, step_pending_grp,step_pending_user,step_actioned_by,
        row_number() over (partition by req_id order by level_no desc) as rnum
 from workflow_request_steps req,
 (
select step_id,step_type,level as level_no
from workflow_process_steps
where workflow_id = (select workflow_id from workflow_request where req_id = #{reqId})
and status='ACTIVE'
start with step_id = #{stepId}
connect by step_id = prior parent_step_id
) step
 where req_id = #{reqId}
   and step.step_id = req.step_id
   and step.step_type = 'U'
) )

	  ]]>
    </select>


    <resultMap id="getRejectMailToListMap" type="com.scb.selfservice.model.EmailAddressDetails">
        <result column="dist_type" property="distributionType" />
        <collection property="eMailAddress" javaType="list" ofType="java.lang.String">
            <result column="email_address" property="eMailAddress" />
        </collection>
    </resultMap>

    <select id="getRejectMailToList" resultMap="getRejectMailToListMap" >
        <![CDATA[

select  'TO' dist_type, email_address
from user_role, roles,user_details
where user_role.role_id = roles.role_id
  and user_role.status = 'ACTIVE'
  and user_details.status = 'ACTIVE'
  and user_details.user_id = user_role.user_id
  and role_name in (
select step_pending_grp from
(select req.req_id,step.step_id,step.step_type,step.level_no, step_pending_grp,step_pending_user,step_actioned_by,
        row_number() over (partition by req_id order by level_no desc) as rnum
 from workflow_request_steps req,
 (
select step_id,step_type,level as level_no
from workflow_process_steps
where workflow_id = (select workflow_id from workflow_request where req_id = #{reqId})
and status='ACTIVE'
start with step_id = #{stepId}
connect by step_id = prior parent_step_id
) step
 where req_id = #{reqId}
   and step.step_id = req.step_id
   and step.step_type = 'U'
) step_user
where rnum =1 )

union all

select  'TO' dist_type, email_address
from user_details
where status = 'ACTIVE'
  and user_id in (
select case when rnum = 1 then step_actioned_by else step_pending_user end  from
(select req.req_id,step.step_id,step.step_type,step.level_no, step_pending_grp,step_pending_user,step_actioned_by,
        row_number() over (partition by req_id order by level_no desc) as rnum
 from workflow_request_steps req,
 (
select step_id,step_type,level as level_no
from workflow_process_steps
where workflow_id = (select workflow_id from workflow_request where req_id = #{reqId})
and status='ACTIVE'
start with step_id = #{stepId}
connect by step_id = prior parent_step_id
) step
 where req_id = #{reqId}
   and step.step_id = req.step_id
   and step.step_type = 'U'
) step_user
where rnum =1 )

	  ]]>
    </select>


    <resultMap id="getRejectMailCcListMap" type="com.scb.selfservice.model.EmailAddressDetails">
        <result column="dist_type" property="distributionType" />
        <collection property="eMailAddress" javaType="list" ofType="java.lang.String">
            <result column="email_address" property="eMailAddress" />
        </collection>
    </resultMap>

    <select id="getRejectMailCcList" resultMap="getRejectMailCcListMap" >
        <![CDATA[

select  'CC' dist_type, email_address
from user_role, roles,user_details
where user_role.role_id = roles.role_id
  and user_role.status = 'ACTIVE'
  and user_details.status = 'ACTIVE'
  and user_details.user_id = user_role.user_id
  and role_name in (
select step_pending_grp from
(select req.req_id,step.step_id,step.step_type,step.level_no, step_pending_grp,step_pending_user,step_actioned_by,
        row_number() over (partition by req_id order by level_no desc) as rnum
 from workflow_request_steps req,
 (
select step_id,step_type,level as level_no
from workflow_process_steps
where workflow_id = (select workflow_id from workflow_request where req_id = #{reqId})
and status='ACTIVE'
start with step_id = #{stepId}
connect by step_id = prior parent_step_id
) step
 where req_id = #{reqId}
   and step.step_id = req.step_id
   and step.step_type = 'U'
) step_user
where rnum !=1 )

union all

select  'CC' dist_type, email_address
from user_details
where status = 'ACTIVE'
  and user_id in (
select case when rnum = 1 then step_actioned_by else step_pending_user end  from
(select req.req_id,step.step_id,step.step_type,step.level_no, step_pending_grp,step_pending_user,step_actioned_by,
        row_number() over (partition by req_id order by level_no desc) as rnum
 from workflow_request_steps req,
 (
select step_id,step_type,level as level_no
from workflow_process_steps
where workflow_id = (select workflow_id from workflow_request where req_id = #{reqId})
and status='ACTIVE'
start with step_id = #{stepId}
connect by step_id = prior parent_step_id
) step
 where req_id = #{reqId}
   and step.step_id = req.step_id
   and step.step_type = 'U'
) step_user
where rnum !=1 )

	  ]]>
    </select>

    <resultMap id="getApproveMailContentMap" type="com.scb.selfservice.model.EmailContent">
        <result column="req_id" property="reqId" />
        <result column="cons_app_name" property="consumptionApplicationName" />
        <result column="purpose_of_consumption" property="purposeOfConsumption" />
        <result column="req_created_by" property="reqCreatedBy" />
        <result column="req_created_on" property="reqCreatedOn" />
        <result column="existing_req" property="existingReqId" />
        <result column="target_date" property="targetDate" />
        <result column="req_sources" property="reqSources" />
        <result column="last_action_by" property="lastActionBy" />
        <result column="last_action_on" property="lastActionOn" />
        <result column="req_pending_with" property="reqPendingWith" />
        <result column="req_remarks" property="reqRemarks" />
        <result column="req_status" property="reqStatus" />
        <result column="last_action_grp" property="lastActionedGroup" />
        <result column="req_classification" property="requestClassification" />
    </resultMap>

    <select id="getApproveMailContent" resultMap="getApproveMailContentMap" >
    	<![CDATA[
			SELECT a.req_id,
			  a.consumer_app_name || DECODE(consumer_itam, NULL, '', ' (' || consumer_itam  || ')' ) AS cons_app_name,
			  (select description from lookup_table where id ='103' and  code = a.purpose_of_consumption and  status ='ACTIVE') as purpose_of_consumption,
			  DECODE(c.user_id, b.request_created_by,c.last_name || ', '  || c.first_name  || ' ('  || c.user_id  || ')', b.request_created_by) req_created_by,
			  TO_CHAR(b.request_created_at, 'dd-Mon-yy hh24:mi:ss') AS req_created_on,
			  decode (a.is_related_exist_req, '1', a.existing_req || '|' || a.ad_role_name , '') as existing_req,
			  TO_CHAR(DECODE(d.target_date, NULL, a.target_date, d.target_date), 'dd-Mon-yy') AS target_date,
			  e.a_name  AS req_sources,
			  DECODE(lu.user_id, la.step_actioned_by ,lu.last_name  || ', '  || lu.first_name  || ' ('  || lu.user_id  || ')', la.step_actioned_by ) last_action_by,
			  TO_CHAR(la.completed_time, 'dd-Mon-yy hh24:mi:ss') AS last_action_on,
			  case when la.step_pending_grp is null then
			      DECODE(lu.user_id, la.step_actioned_by ,lu.last_name  || ', '  || lu.first_name  , la.step_actioned_by )
			  else
			      DECODE(la.step_pending_grp, 'LM', 'Line Manager', 'DM', 'Delivery Manager', la.step_pending_grp)
			  end as last_action_grp,
			  case when nu.user_id is null then
			      DECODE(na.req_pending_with, 'LM', 'Line Manager', 'DM', 'Delivery Manager', na.req_pending_with)
              else
			     nu.last_name  || ', '  || nu.first_name  || ' ('  || nu.user_id  || ')'
              end as req_pending_with,
			  DECODE(la.remarks,NULL,b.remarks,la.remarks) AS req_remarks,
			  b.status                                     AS req_status,
             (select description from lookup_table where id ='109' and  code = access_pattern.access_pattern_code and  status ='ACTIVE') as req_classification
			FROM edmp_consumption_request a,
			  workflow_request b,
			  user_details c,
			  (SELECT req_id, property_value AS target_date
			   FROM
			    (SELECT a1.*,
			      c1.step_seq
			    FROM edmp_consump_req_user_resp a1,
			      workflow_request b1,
			      workflow_process_steps c1
			    WHERE a1.req_id    = #{reqId}
			    AND a1.req_id      = b1.req_id
			    AND b1.workflow_id = c1.workflow_id
			    AND a1.step_id     = c1.step_id
			    AND a1.property_name LIKE 'date%'
			    AND a1.property_value IS NOT NULL
			    ORDER BY c1.step_seq DESC
			    )
			    WHERE rownum =1
			  ) d,
			  (SELECT req_id, listagg(app_name, '; ') within GROUP (ORDER BY app_name) a_name
				FROM
			    (SELECT req_id, app_name  || ' (' || listagg(instance, ',') within GROUP (ORDER BY instance) || ')' app_name
			     FROM (SELECT DISTINCT req_id, app_name,  instance  FROM edmp_consump_req_details  WHERE req_id = #{reqId} )
			     GROUP BY req_id, app_name
			     ORDER BY 2
			    )
			    GROUP BY req_id
			  ) e,
			  (SELECT req_id, step_actioned_by, remarks, completed_time, step_pending_grp
			   FROM
			    (SELECT req.req_id,
			      step.step_id,
			      step.step_type,
			      step.level_no,
			      step_pending_grp,
			      step_pending_user,
			      step_actioned_by,
			      req.remarks,
			      req.completed_time,
			      row_number() over (partition BY req_id order by level_no ) AS rnum
			    FROM workflow_request_steps req,
			    (SELECT step_id, step_type, level AS level_no  FROM workflow_process_steps  WHERE workflow_id = (SELECT workflow_id FROM workflow_request WHERE req_id = #{reqId})
			       AND status  = 'ACTIVE'
			       START WITH step_id = #{stepId}
			       CONNECT BY step_id = prior parent_step_id
			    ) step
			    WHERE req_id       = #{reqId}
			    AND step.step_id   = req.step_id
			    AND step.step_type = 'U'
			    ) last_action
			  WHERE rnum=1
			  )la,
			  user_details lu,
			  (SELECT req_id,
			    step_id,
			    step_pending_user,
			    CASE
			      WHEN step_pending_user IS NULL
			      THEN step_name
			      ELSE TO_CHAR(step_pending_user)
			    END req_pending_with
			  FROM
			    (SELECT req.req_id,
			      step.step_id,
			      step.step_type,
			      step.level_no,
			      step_pending_grp,
			      step_pending_user,
				  step.step_name,
			      row_number() over (partition BY req_id order by level_no) AS rnum
			    FROM workflow_request_steps req,
			    (  SELECT step_id, step_name, step_type, level AS level_no
			       FROM workflow_process_steps
			       WHERE workflow_id = (SELECT workflow_id FROM workflow_request WHERE req_id = #{reqId})
			       AND status           ='ACTIVE'
			       START WITH step_id = #{stepId}
			       CONNECT BY step_id = prior next_step_id
			    ) step
			    WHERE req_id       = #{reqId}
			    AND step.step_id   = req.step_id
			    AND step.step_id  != #{stepId}
			    AND step.step_type = 'U'
			    ) step_user
			  WHERE rnum=1
			  ) na,
			  user_details nu,
			  (SELECT req_id, property_value AS access_pattern_code
			   FROM
			    (SELECT a2.*,
			      c2.step_seq
			    FROM edmp_consump_req_user_resp a2,
			      workflow_request b2,
			      workflow_process_steps c2
			    WHERE a2.req_id    = #{reqId}
			    AND a2.req_id      = b2.req_id
			    AND b2.workflow_id = c2.workflow_id
			    AND a2.step_id     = c2.step_id
			    AND a2.property_name LIKE 'requestClassificati%'
			    AND a2.property_value IS NOT NULL
			    ORDER BY c2.step_seq DESC
			    )
			    WHERE rownum =1
			  ) access_pattern
			WHERE a.req_id           =#{reqId}
			AND a.req_id             = d.req_id (+)
			AND a.req_id             = b.req_id
			AND b.request_created_by = c.user_id(+)
			AND a.req_id             = e.req_id
			AND a.req_id             = la.req_id(+)
			AND la.step_actioned_by  = lu.user_id(+)
			AND a.req_id             = na.req_id(+)
			and nvl(na.step_pending_user,0)  = nu.user_id(+)
			and a.req_id = access_pattern.req_id(+)

	  	]]>
    </select>

    <resultMap id="getRejectMailContentMap" type="com.scb.selfservice.model.EmailContent">
        <result column="req_id" property="reqId" />
        <result column="cons_app_name" property="consumptionApplicationName" />
        <result column="purpose_of_consumption" property="purposeOfConsumption" />
        <result column="req_created_by" property="reqCreatedBy" />
        <result column="req_created_on" property="reqCreatedOn" />
        <result column="existing_req" property="existingReqId" />
        <result column="target_date" property="targetDate" />
        <result column="req_sources" property="reqSources" />
        <result column="last_action_by" property="lastActionBy" />
        <result column="last_action_on" property="lastActionOn" />
        <result column="req_pending_with" property="reqPendingWith" />
        <result column="req_remarks" property="reqRemarks" />
        <result column="req_status" property="reqStatus" />
    </resultMap>

    <select id="getRejectMailContent" resultMap="getRejectMailContentMap" >
        <![CDATA[
		select a.req_id,
			   a.consumer_app_name || decode(consumer_itam, null, '', ' (' ||  consumer_itam || ')' ) as cons_app_name,
			   a.purpose_of_consumption,
			   decode(c.user_id, b.request_created_by,c.last_name || ', ' || c.first_name || ' (' || c.user_id || ')', b.request_created_by) req_created_by,
			   to_char(b.request_created_at, 'dd-Mon-yy hh24:mi:ss') as req_created_on,
			   a.existing_req,
			   to_char(decode(d.target_date, null, a.target_date, d.target_date), 'dd-Mon-yy hh24:mi:ss') as target_date,
			   e.a_name as req_sources,
			   decode(lu.user_id, la.step_actioned_by ,lu.last_name || ', ' || lu.first_name || ' (' || lu.user_id || ')', la.step_actioned_by ) last_action_by,
			   to_char(la.completed_time, 'dd-Mon-yy hh24:mi:ss') as last_action_on,
			   '' as req_pending_with,
			   decode(la.remarks,null,b.remarks,la.remarks) as req_remarks,
			   b.status as req_status
		from   edmp_consumption_request a,
			   workflow_request b,
			   user_details c,
			   (select req_id, property_value as target_date from (
				  select  a1.*, c1.step_seq
				  from    edmp_consump_req_user_resp a1,
						  workflow_request b1,
						  workflow_process_steps c1
				  where   a1.req_id = #{reqId}
				  and     a1.req_id = b1.req_id
				  and     b1.workflow_id = c1.workflow_id
				  and     a1.step_id = c1.step_id
				  and     a1.property_name like 'date%'
				  and     a1.property_value is not null
				  order by c1.step_seq desc
				)
				where rownum =1) d,
				(select req_id, listagg(app_name, '; ') within group (order by app_name) a_name
				 from (
					select req_id, app_name || ' (' || listagg(instance, ',') within group (order by instance) || ')' app_name
					from   (select distinct req_id, app_name, instance from edmp_consump_req_details where req_id = #{reqId} )
					group by req_id, app_name
					order by 2
				 ) group by req_id
				) e,
				(select req_id,step_actioned_by, remarks, completed_time
				from
				(select req.req_id,step.step_id,step.step_type,step.level_no, step_pending_grp,step_pending_user,step_actioned_by,
								req.remarks,req.completed_time,
								row_number() over (partition by req_id order by level_no ) as rnum
				 from workflow_request_steps req,
				 (
				select step_id,step_type,level as level_no
				from workflow_process_steps
				where workflow_id = (select workflow_id from workflow_request where req_id = #{reqId})
				and status='ACTIVE'
				start with step_id = #{stepId}
				connect by step_id = prior parent_step_id
				) step
				 where req_id = #{reqId}
				   and step.step_id = req.step_id
				   and step.step_type = 'U'
				) last_action
				where rnum=1)la,
				user_details lu
		where   a.req_id =#{reqId}
		and    a.req_id = d.req_id (+)
		and    a.req_id = b.req_id
		and    b.request_created_by = c.user_id(+)
		and    a.req_id = e.req_id
		and    a.req_id = la.req_id(+)
		and    la.step_actioned_by = lu.user_id(+)

	  ]]>
    </select>

	 <resultMap id="getCostEstimationMailToListMap" type="com.scb.selfservice.model.EmailAddressDetails">
        <result column="dist_type" property="distributionType" />
        <collection property="eMailAddress" javaType="list" ofType="java.lang.String">
            <result column="email_address" property="eMailAddress" />
        </collection>
    </resultMap>

    <select id="getCostEstimationMailToList" resultMap="getCostEstimationMailToListMap" >
        <![CDATA[
        	SELECT 'TO' dist_type, email_address
			FROM user_details
			where user_id=#{userId}
			  ]]>
    </select>
	<resultMap id="consumptionPendingReqs" type="com.scb.selfservice.model.ConsumptionPending">
        <result property="reqId" column="req_id" />
        <result property="stepId" column="step_id" />
        <result property="status" column="status" />
        <result property="startTime" column="start_time" />
        <result property="lapsedTime" column="lapsed_time" />
        <result property="workflowId" column="workflow_id" />
        <result property="attempt" column="attempt" />
    </resultMap>
    <select id="getConsumptionPendingReqs" resultMap="consumptionPendingReqs" >
        select a.req_id,a.step_id,a.status,a.start_time, steps.lapsed_time,sr.workflow_id, a.attempt
			from workflow_request_steps a 
			left join workflow_process_steps steps on a.step_id = steps.step_id 
					and steps.workflow_id = #{workflowId} and steps.step_type = 'U'
			left join workflow_request sr on a.req_id = sr.req_id
		where a.status = 'PENDING' and sr.workflow_id = #{workflowId} order by a.req_id 
    </select>
    <insert id="insertAuditEmailSla" parameterType="com.scb.selfservice.model.AuditEmailSLA">
   		INSERT INTO AUDIT_EMAIL_SLA (EMAIL_SLA_ID, REQ_ID, WORKFLOW_ID, EMAIL_STATUS, ATTEMPT, STEP_ID)
			VALUES (AUDIT_EMAIL_SLA_SEQ.nextval, #{audit.reqId}, #{audit.workflowId}, #{audit.emailStatus},
			#{audit.attempt}, #{audit.stepId})
    </insert>
    <update id="updateWorkflowRequestSteps">
		update workflow_request_steps set 
			attempt = #{attempt, jdbcType=NUMERIC}
        	where req_id=#{reqId, jdbcType=NUMERIC} and step_id=#{stepId}
	</update>
	
	<resultMap id="getAdminMailCcList" type="com.scb.selfservice.model.AdminData">
        <result column="role_id"       property="roleId" />
        <result column="user_id"       property="userId" />
        <result column="status"        property="status" />
        <result column="role_name"     property="roleName" />
        <result column="email_address" property="emailAddress" />
    </resultMap>

    <select id="getAdminMailCcList" resultMap="getAdminMailCcList" >
        <![CDATA[
		select usr.role_id, usr.user_id, usr.status, roles.role_name, usrd.email_address
		from user_role usr
		left join roles on roles.role_id=usr.role_id
		left join user_details usrd on usrd.user_id = usr.user_id
		where usr.status = 'ACTIVE' and roles.role_name = 'ADMIN'
			  ]]>
    </select>	
</mapper>
