<?xml version="1.0" encoding="UTF-8" ?>
<!DOCTYPE mapper
    PUBLIC "-//mybatis.org//DTD Mapper 3.0//EN"
    "http://mybatis.org/dtd/mybatis-3-mapper.dtd">

<mapper namespace="com.scb.selfservice.dao.td.mapper.IdentityTDMapper">
	
	<resultMap id="lineManager" type="com.scb.selfservice.model.UserDetails">
		<result column="MANAGER" property="userId" />
   		<result column="M_FIRST_NAME" property="firstName" />
   		<result column="M_LAST_NAME" property="lastName" />
   		<result column="M_EMAIL_ID" property="emailAddress" />
   	</resultMap>	

	<resultMap id="getUserDetailsMap" type="com.scb.selfservice.model.UserDetails">	   		
   		<result column="STAFF_ID" property="userId" />
   		<result column="FIRST_NAME" property="firstName" />
   		<result column="LAST_NAME" property="lastName" />
   		<result column="EMAIL_ID" property="emailAddress" />
   		
   		<association property="lineManager" resultMap="lineManager" /> 		 		
	</resultMap>

   <select id="getPSHRUserDetails" resultMap="getUserDetailsMap" parameterType="String">
      <![CDATA[
			SELECT	A.STAFF_ID, A.FIRST_NAME, A.LAST_NAME, A.EMAIL_ID, A.MANAGER,
				B.FIRST_NAME M_FIRST_NAME, B.LAST_NAME M_LAST_NAME, B.EMAIL_ID M_EMAIL_ID
			FROM	PS_HR_ACTIVE A 
			LEFT OUTER JOIN PS_HR_ACTIVE B
				ON	A.MANAGER = B.STAFF_ID
			WHERE	A.STAFF_ID = #{userId}
	  ]]>
   </select>
   
</mapper>
