<?xml version="1.0" encoding="UTF-8" ?>
<!DOCTYPE mapper
    PUBLIC "-//mybatis.org//DTD Mapper 3.0//EN"
    "http://mybatis.org/dtd/mybatis-3-mapper.dtd">

<mapper namespace="com.scb.selfservice.dao.mapper.AdminMapper">

	<resultMap type="com.scb.selfservice.domains.MyApprovalList" id="AdminRequests">
		<id     property="reqId" column="reqId" />
		<result property="stepId" column="stepId" />
		<result property="reqSummary" column="reqSummary" />
		<result property="reqCreatedAt" column="reqCreatedAt" />
		<result property="stepActionedBy" column="stepActionedBy" />
		<result property="createdBy" column="createdBy" />
		<result property = "pendingWith" column = "pending_with"/>
		<result property = "status" column = "status"/>
		<result property = "interimStatus" column = "interim_status"/>
	</resultMap>
	<select id ="getAdminRequests" resultMap = "AdminRequests">
		<![CDATA[
		select self.req_id as reqId, cons.req_summary as reqSummary, self.request_created_at as reqCreatedAt,
			CONCAT(users.first_name,(' '||users.last_name)) as createdBy,self.status as status,
			(steps1.step_name) as stepActionedBy,
			(steps.step_name) as pending_with, workflow.status as interim_status, steps.step_id as stepId
		from edmp_selfservice_req self
			left join edmp_consumption_request cons on self.req_id = cons.req_id 
			left join user_details users on users.user_id = self.request_created_by
			left join workflow_request workflow on self.req_id = workflow.req_id
			left join workflow_process_steps steps1 on steps1.step_id = workflow.last_acted_step_id and steps1.workflow_id = #{workflowId}
			left join workflow_request_steps reqStep on self.req_id = reqStep.req_id and reqStep.status = 'PENDING'
			left join workflow_process_steps steps on steps.step_id = reqStep.step_id and steps.workflow_id = #{workflowId}
    	where self.status <> 'DRAFT' and self.request_type = #{workflowType}
		order by self.request_created_at DESC
		]]>
	</select>
	
	<!-- updateWorkflowRequestSteps -->
	<update id="updateWorkflowRequestSteps">
		update workflow_request_steps set step_pending_user = #{psid} where req_id = #{requestId} and step_id = #{stepId}
	</update>
	
	<!-- updateEdmpConsumptionRequest -->
	<update id="updateEdmpConsumptionRequest">
		update edmp_consumption_request set delivery_manager_psid = #{psid} where req_id = #{requestId}
		<!-- here PSID should be String --> 
	</update>
</mapper>