<?xml version="1.0" encoding="UTF-8" ?>
<!DOCTYPE mapper
    PUBLIC "-//mybatis.org//DTD Mapper 3.0//EN"
    "http://mybatis.org/dtd/mybatis-3-mapper.dtd">

<mapper
	namespace="com.scb.selfservice.dao.mapper.MyRequestMapper">

	<!-- requestID; requestSummary; requestCreatedBy requestCreatedAt status; 
		statusPendingBy; statusApprovedBy -->


	<resultMap type="com.scb.selfservice.domains.MyrequestData" id="MyRequestList">
		<id     property="requestID" column="req_id" />
		<result property="requestSummary" column="req_summary" />
		<result property="requestCreatedAt" column="request_created_at" />
		<result property="requestCreatedBy" column="createdBy" />
		<result property="status" column="status" />
		<result property="statusApprovedBy" column="status_approved" />
		<result property="statusPendingBy" column="pending_with" />
		<result property="interimStatus" column="interim_status" />
		<result property="stepId" column="step_id" />
	</resultMap>
	<select id ="getMyRequest" resultMap = "MyRequestList">
		select 		self.req_id,cons.req_summary,self.request_created_at,
			CONCAT(users.first_name,(' '||users.last_name)) as createdBy,self.status,
			(steps1.step_name) as status_approved,
			(steps.step_name) as pending_with, workflow.status as interim_status, steps.step_id
		from edmp_selfservice_req self
			left join edmp_consumption_request cons on self.req_id = cons.req_id 
			left join user_details users on users.user_id = self.request_created_by
			left join workflow_request workflow on self.req_id = workflow.req_id
			left join workflow_process_steps steps1 on steps1.step_id = workflow.last_acted_step_id 
				and steps1.workflow_id = #{workflowId}
			left join workflow_request_steps reqStep on self.req_id = reqStep.req_id and reqStep.status = 'PENDING'
			left join workflow_process_steps steps on steps.step_id = reqStep.step_id 
				and steps.workflow_id = #{workflowId}
		where self.request_created_by = #{userId}  and self.request_type = #{workflowType}
		order by request_created_at DESC
	</select>

	<resultMap type="com.scb.selfservice.domains.EDMPConsumReqUserResp" id="MyApprovalResponseList">
		<id     property="reqId" column="req_id" />
		<result property="stepId" column="step_id" />
		<result property="stepName" column="step_name" />
		<result property="propertyName" column="PROPERTY_NAME" />
		<result property="propertyValue" column="PROPERTY_VALUE" />
		<result property="fileName" column="file_name" />
	</resultMap>
	
	<select id ="getApprovalResponse" resultMap = "MyApprovalResponseList">
		select  a.req_id,b.step_id,b.step_name,a.PROPERTY_NAME,a.PROPERTY_VALUE,null as file_name
				from edmp_consump_req_user_resp a, WORKFLOW_PROCESS_STEPS b 
					where a.req_id = #{requestId} and a.step_id = b.step_id and b.workflow_id = #{workflowId} 
					and a.property_name not like '%FILE_ID%'
	</select>
	
	<select id ="getApprovalResponseFileID" resultMap = "MyApprovalResponseList">
		select a.req_id, a.PROPERTY_NAME, a.PROPERTY_VALUE, b.step_id,b.step_name, c.file_name  
			from edmp_consump_req_user_resp a
		left join  WORKFLOW_PROCESS_STEPS b on a.step_id = b.step_id and b.workflow_id = #{workflowId}
		left join fileupload c on c.upload_id = a.property_value
		where a.req_id = #{requestId} and a.property_name like '%FILE_ID%'
	</select>

	<!-- mapping for cancel request-->
	<update id = "cancelRequestWorkflowRequest"  parameterType="com.scb.selfservice.domains.WorkflowReqStepsAt" 
				keyProperty="reqId" keyColumn="req_id">
		update workflow_request set status = #{audit.status}, remarks = #{audit.remarks}, last_acted_step_id = #{audit.stepId},
		last_acted_by = #{audit.stepActionedBy}
		where req_id = #{audit.reqId} and workflow_id = #{audit.workflowId}
	</update>
	<update id = "cancelRequestWorkflowRequestSteps"  parameterType="com.scb.selfservice.domains.WorkflowReqStepsAt" 
				keyProperty="reqId" keyColumn="req_id">
		update workflow_request_steps set status = #{audit.status}, remarks = #{audit.remarks}, completed_time = CURRENT_TIMESTAMP,
		step_actioned_by = #{audit.stepActionedBy}, step_action = #{audit.status}
		where req_id = #{audit.reqId} and step_id = #{audit.stepId}
	</update>
	<update id = "CancelRequestEdmpSelfServiceReq"  parameterType="com.scb.selfservice.domains.WorkflowReqStepsAt" 
				keyProperty="reqId" keyColumn="req_id">
		update edmp_selfservice_req set status = #{audit.status}
		where req_id = #{audit.reqId}
		
		
	</update>
	<!-- Ingestion - My Request data -->
	<resultMap type="com.scb.selfservice.domains.MyrequestData" id="MyIngestionRequestList">
		<id     property="requestID" column="req_id" />
		<result property="requestSummary" column="request_summary" />
		<!-- <result property="requestCreatedAt" column="request_created_at" /> -->
		<result property="requestCreatedBy" column="createdBy" />
		<result property="status" column="status" />
		<result property="statusApprovedBy" column="status_approved" />
		<result property="statusPendingBy" column="pending_with" />
		<result property="interimStatus" column="interim_status" />
		<result property="stepId" column="step_id" />
		<result property="sourceSystem" column="source_name" />
		<result property="requestSubmissionDate" column="created_at" />
		<result property="requestType" column="source_type" />
		<result property="requestModifiedBy" column="modified_by" />
		<result property="requestModifiedAt" column="modified_at" />
	</resultMap>
	<select id ="getMyIngestionRequest" resultMap = "MyIngestionRequestList">
		select 		self.req_id,
		ing.request_summary,
		ing.source_name, to_char(self.request_created_at,'DD/MM/YYYY') as created_at,self.request_type,
			CONCAT(users.first_name,(' '||users.last_name)) as createdBy,self.status,
			(steps1.step_name) as status_approved,
			(steps.step_name) as pending_with, workflow.status as interim_status, steps.step_id,
			ing.source_type,
			CONCAT(usrs.first_name,(' '||usrs.last_name)) as modified_by, 
    		to_char(ing.request_modified_at, 'DD/MM/YYYY') as modified_at
		from edmp_selfservice_req self
			left join edmp_injestion_request ing on self.req_id = ing.req_id 
			left join user_details users on users.user_id = self.request_created_by
			left join user_details usrs on usrs.user_id = ing.request_modified_by 
			left join workflow_request workflow on self.req_id = workflow.req_id
			left join workflow_process_steps steps1 on steps1.step_id = workflow.last_acted_step_id
			and steps1.workflow_id = #{workflowId}
			left join workflow_request_steps reqStep on self.req_id = reqStep.req_id and reqStep.status = 'PENDING'
			left join workflow_process_steps steps on steps.step_id = reqStep.step_id 
			and steps.workflow_id = #{workflowId}
		where self.request_created_by = #{userId} and
        self.request_type= #{workflowType}
		order by self.request_created_at DESC
	</select>
</mapper>